5, 0.0, -8.910780538374098, -8.959025739485297
5, 1.0, -8.796317390466086, -8.566286829929707
5, 2.0, -7.957916367381169, -7.5168572743057664
5, 3.0, -6.55555144470704, -7.404236269169524
5, 4.0, -5.933705867700371, -7.645292750738946
5, 5.0, -6.8351850570283945, -7.88001295690112
5, 6.0, -8.319012752453771, -8.28239637705142
5, 7.0, -7.842975927513747, -7.844133811195279
5, 8.0, -8.421612087345633, -7.897377142684848
5, 9.0, -8.341766317990565, -8.339705503518086
5, 10.0, -9.421940451388418, -9.042871739816084
5, 11.0, -8.278104872446745, -9.185485210658033
5, 12.0, -8.567139903833914, -9.064717917820442
5, 13.0, -6.63979532940281, -8.491954798717037
5, 14.0, -9.73921473923428, -8.714744335676828
5, 15.0, -9.051218003404076, -8.640891338269387
5, 16.0, -9.938122094206285, -8.538587832588892
5, 17.0, -5.798025660554481, -7.922002093309725
5, 18.0, -8.31691305870647, -8.122516675220519
5, 19.0, -7.288875291923557, -7.297654944850171
5, 20.0, -7.858572571023431, -7.118549239987915
5, 21.0, -7.548645084856043, -6.867711862949091
5, 22.0, -5.305037117862982, -7.104948628202868
5, 23.0, -9.921172612063213, -7.460388945332892
5, 24.0, -5.950467384007797, -7.422693484793557
5, 25.0, -8.561358071488671, -6.8578803223274605
5, 26.0, -5.31943976045627, -5.6328346163030725
5, 27.0, -4.648157957226181, -5.62279977125036
5, 28.0, -6.183208869677916, -5.314902619507343
5, 29.0, -6.36422120565922, -5.03687852060413
5, 30.0, -5.485787113486848, -4.031009197376858
5, 31.0, -7.673670236300477, -4.533323016346548
5, 32.0, -3.1421095892364868, -4.215188599174656
5, 33.0, -4.970687546301192, -4.211198821492802
5, 34.0, -2.6002503965739114, -3.9939610862075026
5, 35.0, -4.924439198132114, -4.29779866871177
5, 36.0, -0.3286559786352061, -3.804031620554784
5, 37.0, 0.016910530281771585, -3.3827592514931486
5, 38.0, -4.392181576112815, -3.0915656572737458
5, 39.0, -2.6978398662959515, -3.4703482564688892
5, 40.0, -5.143153314631236, -4.538456604757361
5, 41.0, -4.249070228565358, -4.163166879749722
5, 42.0, -4.761756255871937, -3.933671894963442
5, 43.0, -1.3804964271286528, -4.140799264156741
5, 44.0, -4.268691351238239, -3.561136072002128
5, 45.0, -5.281721258836603, -3.5043884496531734
5, 46.0, -2.331437457921528, -3.670593844238475
5, 47.0, -3.647160443917574, -3.5612982179717365
5, 48.0, -4.224656692906843, -3.5433387014727584
5, 49.0, -3.445146317991182, -4.151059429030246
5, 50.0, -3.814981066553132, -3.710467310274197
5, 51.0, 1.1993293789328314, -3.2560320485805585
5, 52.0, -0.6544455488183538, -3.3057756130877065
5, 53.0, -3.8592382512484673, -3.204264816648352
5, 54.0, -6.594316695507015, -3.005171639324497
5, 55.0, -4.151173826321389, -2.6379334828235588
5, 56.0, 0.3288026840103302, -1.763395543653608
5, 57.0, -0.20992081091920922, -1.4301502509572033
5, 58.0, -0.284406115896781, -1.8447312382052172
5, 59.0, -1.6274379871466749, -2.707394604224898
5, 60.0, -3.9967077674316585, -2.9892775620785947
5, 61.0, -0.9828586719229011, -3.3406913710218173
5, 62.0, -5.236512208670362, -2.618113417587333
5, 63.0, -2.0402616178497173, -2.5835548288346226
5, 64.0, -1.211345535114984, -2.1623170387261257
5, 65.0, -3.510796287487665, -2.5526186593099225
5, 66.0, -1.6627362743215952, -2.6806615989498934
5, 67.0, -0.17639759313474102, -3.494907365784797
5, 68.0, -3.9290102033767247, -3.2460184900491393
5, 69.0, -3.585260030541784, -2.950923526956346
5, 70.0, -3.415417708923525, -2.8515491931865973
5, 71.0, -1.7539775280434895, -2.727057356604738
5, 72.0, -1.2948430881030433, -2.4605405291965874
5, 73.0, -4.575504785722545, -2.7421748146486906
5, 74.0, -2.9354023941136806, -2.982628085997525
5, 75.0, -1.312185259625714, -2.63339349286975
5, 76.0, -3.251086601587164, -3.04607290168262
5, 77.0, -2.1484079146140185, -2.6193589236700943
5, 78.0, -4.971104153747879, -2.9945849350359692
5, 79.0, -1.8159053327369472, -3.3055896031314846
5, 80.0, -3.7821799256846735, -3.3775826449953326
5, 81.0, -4.439289136044526, -2.3502482360375767
5, 82.0, -3.7781001955882303, -2.5615248988455117
5, 83.0, -2.9030469893829753, -1.9755349481194764
5, 84.0, -1.395199578382062, -2.258159555218719
5, 85.0, -5.928302259145859, -2.4144003348327034
5, 86.0, -2.433877242182696, -2.778999991604155
5, 87.0, -4.054750919147694, -2.5157483204350553
5, 88.0, -1.1098305120279526, -1.6074939703325173
5, 89.0, -0.7903010310939127, -1.4760795575038062
5, 90.0, -2.2525126080907745, -1.148962791955047
5, 91.0, 3.623376980668172, 0.02964351728387271
5, 92.0, 0.40242622270174216, 0.18491002975295182
5, 93.0, 1.3213354227954481, -0.07228885502530971
5, 94.0, -1.8702986353083801, 0.917942308685857
5, 95.0, -0.12491105261421198, 0.9324499588704646
5, 96.0, -0.9713789869548932, 0.954797292158881
5, 97.0, -0.1888515157595585, 0.45320750518548125
5, 98.0, -0.8442306155299744, 0.49548688957097675
5, 99.0, 1.248177259141762, 0.9016896299755821
10, 0.0, 3.327326700923523, 2.999661081320871
10, 1.0, 4.321969118172975, 3.3845523526185497
10, 2.0, 2.9191635298393988, 3.4372748562593514
10, 3.0, 0.15868119225523492, 2.8201557403694872
10, 4.0, 2.9855767163724494, 2.055147469651251
10, 5.0, 0.4530112596773457, 1.4948454263720188
10, 6.0, 1.3766199331484819, 1.362726421867399
10, 7.0, -0.7321619436538149, 0.8004171524675787
10, 8.0, -0.6830420328536676, -0.04414146365208871
10, 9.0, 1.8519849940784625, 0.3267590467581508
10, 10.0, 2.03400844718177, 1.4276955096836632
10, 11.0, 0.576620592722352, 0.9240122832108464
10, 12.0, 3.7312384894271142, 1.3000828899852346
10, 13.0, 0.9568210590945885, 1.5913221198816254
10, 14.0, 1.024861044521685, 1.2961243252781196
10, 15.0, 2.2973951920977806, 1.485426564669062
10, 16.0, 3.1325876829150934, 1.6680472516573825
10, 17.0, 3.578216424607873, 1.2546170324913226
10, 18.0, 2.518247363499906, 0.7431752057885598
10, 19.0, 3.789559795970662, 0.9824621166026439
10, 20.0, -2.69386384509117, -0.13657454729743157
10, 21.0, 3.8214707402257884, -0.011500253167035235
10, 22.0, -1.7866070955844844, -0.10342845248071228
10, 23.0, 0.4150779674055549, 0.021804677748572254
10, 24.0, 0.9726448260481538, 0.10143498553951195
10, 25.0, 1.99539611707625, 0.22499697655318374
10, 26.0, -0.2302459695602349, 0.8221530978189989
10, 27.0, -0.6796554159948576, -0.22739201819427357
10, 28.0, -2.2312803044552174, -1.5898990791085095
10, 29.0, -0.024137346558172013, -1.0938734257290772
10, 30.0, -1.3444117319634346, -1.2836949623278624
10, 31.0, 0.4189746153506144, -1.474913776333773
10, 32.0, -0.3514285761985998, -1.0629906755548042
10, 33.0, -0.8634363076147302, -1.009087211877127
10, 34.0, -1.8065984284689316, -0.5920898582399168
10, 35.0, -0.3654354741249095, -0.8208486797958132
10, 36.0, 2.873446030666826, -0.6106648904053837
10, 37.0, -1.0987876744564269, -1.4386436539924823
10, 38.0, -0.4897766103622696, -1.2834364711582396
10, 39.0, -3.163282096407979, -1.365624609332448
10, 40.0, -2.6463404306590954, -1.1573719926612323
10, 41.0, -0.3151015895313455, -1.2697334269726597
10, 42.0, -3.0945591356185216, -1.1630345312603496
10, 43.0, 0.05407043507195508, -0.960997069333649
10, 44.0, -2.4821926347561494, -1.004867711679489
10, 45.0, 3.5827811662519893, -0.033297804994268154
10, 46.0, -0.872404536261138, -0.1596982377158123
10, 47.0, -3.675532837138794, -0.7840582198061093
10, 48.0, -1.6171158295986396, -1.2855056196286725
10, 49.0, 0.73206105662374, -1.1711650483282767
10, 50.0, -0.08055276150831628, -0.32751812272086367
10, 51.0, 2.24877473933195, 0.013601260434214169
10, 52.0, 0.3422302893299397, -0.3032135324325489
10, 53.0, -2.3728845467085224, -0.8860826995106997
10, 54.0, -3.9132257614069625, -1.2533066449251211
10, 55.0, -0.6866383846509221, -1.5639517282363202
10, 56.0, -1.5604026076194164, -1.155121596058952
10, 57.0, 0.7014032000512134, -2.024832582838688
10, 58.0, -1.037550547681598, -2.43993737844198
10, 59.0, -5.078269310791007, -3.068758289586809
10, 60.0, -2.749003755382711, -2.776633677949717
10, 61.0, -5.217352999256459, -3.0143136886869737
10, 62.0, -1.7979253499966488, -2.813524524755164
10, 63.0, -0.7005979963836872, -3.10539093589303
10, 64.0, -1.398608586896863, -3.0396963121984597
10, 65.0, -2.874628303671621, -3.0308228849779706
10, 66.0, -2.846672863372059, -3.5722881424743536
10, 67.0, -1.2760768635344566, -3.836702696652658
10, 68.0, -2.984896376730666, -4.514382308049036
10, 69.0, -3.7832254846628928, -4.487629970781647
10, 70.0, -3.9011236337579183, -4.729868983772458
10, 71.0, -2.534706335215834, -5.299950238024132
10, 72.0, -3.8794839671981896, -4.614953776136256
10, 73.0, -6.024385797024334, -3.832640043515774
10, 74.0, -1.5644006605959715, -2.4667508814995553
10, 75.0, 1.758446542606543, -1.81597873187859
10, 76.0, -1.9041245784436625, -2.587575579908078
10, 77.0, -2.9041819286642996, -2.7627636817313346
10, 78.0, -2.3146333218143904, -1.8693856340425223
10, 79.0, -4.526387197705715, -2.527540031030786
10, 80.0, -4.861352026720538, -2.5593129826220773
10, 81.0, -0.43588163353949216, -2.254370036025749
10, 82.0, -0.019367252382203493, -2.2632057089931314
10, 83.0, -3.220655898277023, -1.6431336352570527
10, 84.0, -0.5642253746757482, -2.637904681504865
10, 85.0, 0.9675354438848531, -2.4739371553563196
10, 86.0, -1.437190639230617, -2.3464029279229726
10, 87.0, -2.2547852837576183, -2.864212474348242
10, 88.0, -1.7525955367771506, -2.3334298609935784
10, 89.0, -2.9738628992351837, -2.046050748520454
10, 90.0, 2.5755218636193833, -1.26010670415615
10, 91.0, -1.785440903326398, -0.33628209860293523
10, 92.0, -1.2596460649879324, -0.6875543457740005
10, 93.0, -2.1427836172781305, 0.4362464569102127
10, 94.0, 0.30408991481160996, 0.39931002673916166
10, 95.0, 1.4807320964813528, 1.7182770992740595
10, 96.0, 1.0010129323168966, 2.5739646291395104
10, 97.0, 0.9541015287609933, 2.429199696192561
10, 98.0, 3.9240768602079177, 2.671441293082446
10, 99.0, 1.6198849828507043, 2.4061497510352816
14, 0.0, 4.323991253329821, 3.669447038462989
14, 1.0, 1.7684393338954296, 3.320913327167371
14, 2.0, 4.756507971183942, 3.0276842459261464
14, 3.0, 3.354123392255195, 2.8347964170353186
14, 4.0, 1.305226740265015, 2.566037888627798
14, 5.0, 4.508690493685104, 2.5500031444273548
14, 6.0, 3.5231007271112302, 2.8200832742106368
14, 7.0, 4.281094832760403, 2.5814984814828024
14, 8.0, 1.0463772489137992, 2.5828837507434295
14, 9.0, 6.058508032722606, 3.0312349724801586
14, 10.0, 2.270710253271959, 2.421904466722092
14, 11.0, -1.2189975144846392, 1.9535660515659004
14, 12.0, 0.5023309918739429, 1.7180930269393073
14, 13.0, 0.021650550005241298, 1.4131163303058802
14, 14.0, 1.970932313574745, 1.6534597199542163
14, 15.0, 3.7422118384199354, 1.8575501184158765
14, 16.0, 3.363473164204199, 1.48222495980499
14, 17.0, 2.5746774537838766, 1.1308824416279535
14, 18.0, 1.2094326847666017, 0.8415628525637495
14, 19.0, 2.459549482827967, 1.1334832846226484
14, 20.0, -1.0159981896045898, 1.3083364357968275
14, 21.0, 1.2644927388065483, 1.2732411022229708
14, 22.0, 2.7564446459023237, 1.527290968443211
14, 23.0, 4.5325651070318775, 2.085309998606176
14, 24.0, 2.439945778467279, 2.064782171771827
14, 25.0, 5.175388942502673, 2.6724698674412752
14, 26.0, 4.281436937043568, 3.163841207790431
14, 27.0, 4.971252308768817, 3.14497891691338
14, 28.0, 2.4185549146203376, 2.886458184776172
14, 29.0, 3.755592232349762, 3.1603304112361954
14, 30.0, 1.5028077384376632, 3.971516915628109
14, 31.0, 5.315828574544988, 3.764132605928288
14, 32.0, 4.418515344565929, 3.9844761230589647
14, 33.0, 2.3093486587135352, 4.318335152410087
14, 34.0, 6.709188332003427, 4.099959368987643
14, 35.0, 4.879872981538564, 4.698258071785435
14, 36.0, 2.8070988242627077, 4.495559840120412
14, 37.0, 3.2853581600698925, 4.236870721737555
14, 38.0, 3.959079955062525, 3.8180052813078564
14, 39.0, 4.392308862493812, 3.6450972994581194
14, 40.0, 4.106730042303235, 3.5587986878148787
14, 41.0, 2.9083541257408383, 3.741004303747652
14, 42.0, 6.033906012728195, 3.254686780290894
14, 43.0, 4.269615519340739, 3.7514631628502895
14, 44.0, 2.935502436475599, 3.886028425976339
14, 45.0, 5.332267083712583, 3.634884104310931
14, 46.0, 1.8833634785512996, 3.8778382795577855
14, 47.0, 5.433018278803814, 3.5513823075515765
14, 48.0, 4.695314490007381, 3.8818714845505737
14, 49.0, 2.8379733425274214, 4.14359319433115
14, 50.0, 5.9780700968769045, 4.3763568390252185
14, 51.0, 0.8131778119739148, 3.949061193687937
14, 52.0, 4.953095244133601, 4.22322902194409
14, 53.0, 3.6410988456235582, 3.7816618701961984
14, 54.0, 4.023733404385729, 3.6395575473615946
14, 55.0, 4.683890775835183, 4.293265653103304
14, 56.0, 6.759260684685412, 4.737107124014052
14, 57.0, 6.35605038534004, 4.621663420727917
14, 58.0, 2.02681796121176, 4.137351279838438
14, 59.0, 4.057724828170425, 3.4847923846004054
14, 60.0, 1.8252660157311695, 3.616958159744058
14, 61.0, 4.994603318164673, 3.3298601813655706
14, 62.0, 1.9854920155925715, 2.660896052347821
14, 63.0, 2.3776152704136715, 2.040919683218595
14, 64.0, -0.655046425791231, 0.871144168597987
14, 65.0, -1.2797740756233722, 0.9124402765580822
14, 66.0, 3.9694378258845724, 1.4149760683980093
14, 67.0, 0.6123212559872614, 1.2561613576632977
14, 68.0, 2.9114342511935654, 1.3500350100931273
14, 69.0, 0.7134379101758721, 1.115599462618744
14, 70.0, 2.7460119069157187, 1.240886353656275
14, 71.0, 0.46500225676783247, 0.9870187329147714
14, 72.0, -0.22826940469838108, 1.3776346475670245
14, 73.0, 1.728176495801845, 1.2687346632057992
14, 74.0, 1.6595942782380986, 1.3617962320217116
14, 75.0, 3.4230015348688814, 1.6706288651995984
14, 76.0, 1.6038441722607564, 1.9094279567327894
14, 77.0, 1.2029186215028718, 1.6893639125989128
14, 78.0, 3.0165003997282955, 1.547356049901956
14, 79.0, -0.6362213291388448, 1.5532346089936568
14, 80.0, 4.248315418575813, 1.6496227191835622
14, 81.0, -1.034887572365731, 1.8021606646801323
14, 82.0, 1.777332724544856, 1.4945077811092546
14, 83.0, -1.596723290429191, 0.49620784200901924
14, 84.0, 1.2377737936998658, -0.24054759980074714
14, 85.0, -0.833361844229537, -0.7422838989682649
14, 86.0, -2.778689344148483, 0.09210915600486735
14, 87.0, 4.2997436040044645, 0.6749013666118634
14, 88.0, 0.3753310612744666, 0.8147452584495098
14, 89.0, 1.459478447913511, 0.5294516170747543
14, 90.0, 2.1055818007331513, 0.8789506540314083
14, 91.0, -2.3111268892176513, -0.298388857351674
14, 92.0, -0.11408723965607184, 0.019476665178022157
14, 93.0, -1.0312411538217774, -0.2713672933000057
14, 94.0, -0.4935529203573807, -0.40745242496456374
14, 95.0, -0.12302782814246155, -0.5966502985498183
14, 96.0, -1.0993796248781686, -0.019699661080040842
14, 97.0, 1.6199750842500458, 0.8838839427207694
14, 98.0, -2.2007051473896686, 0.7697220289794595
14, 99.0, 1.6435346848079542, 0.6933765274220963
1, 0.0, -0.40277298947187157, -0.4037128843170728
1, 1.0, -1.5992785311041118, -1.1498353146993183
1, 2.0, 1.0582676967589428, -0.27498465041132414
1, 3.0, 0.6316942129688929, -1.1804718807672465
1, 4.0, -5.3807273011738, -2.0497742811272017
1, 5.0, -0.9834127348822153, -2.162343107294451
1, 6.0, -6.30746337761345, -3.6368825948347343
1, 7.0, -6.797475333461855, -3.143991110483135
1, 8.0, -4.270973403151168, -2.8480308674032084
1, 9.0, -1.8831541008556656, -2.8142253418245753
1, 10.0, -2.202331332821352, -3.349200027000721
1, 11.0, -3.5499788544479185, -3.788368857990218
1, 12.0, -7.5144074463953485, -5.343558555128164
1, 13.0, -4.488177100910097, -5.68942401742471
1, 14.0, -4.176035168547496, -5.47163739306999
1, 15.0, -5.49761853591034, -5.625497668469283
1, 16.0, -7.802612530490158, -5.321389847001239
1, 17.0, -4.907467342109726, -4.747781241100148
1, 18.0, -5.953776498158827, -4.015432121773699
1, 19.0, -1.1391007939864743, -4.016933792161481
1, 20.0, -2.721447475641093, -3.9340562743785803
1, 21.0, -3.7949965237696595, -3.7869616439952236
1, 22.0, -3.669339081239011, -2.8370669341324017
1, 23.0, -0.9627696660454481, -1.9856066181382386
1, 24.0, -2.009655211906922, -2.0104928126197588
1, 25.0, -4.250449066017745, -2.268073615123072
1, 26.0, -4.653342817889046, -2.195640682974606
1, 27.0, -2.1791507273083273, -2.1651703464492034
1, 28.0, -1.6588686311749663, -1.8497951242751876
1, 29.0, -3.4252302769860865, -1.8324471071084332
1, 30.0, -1.9990493746178428, -2.500243096769332
1, 31.0, -0.6556030141853135, -2.5406074041455526
1, 32.0, -1.7165938225370097, -2.2523446888909997
1, 33.0, -0.8833348683690057, -1.541931229170061
1, 34.0, 0.21608648895000782, -1.272399504228153
1, 35.0, 1.2651592498181827, -1.1827879652633224
1, 36.0, -1.8840096271052662, -1.81157214463322
1, 37.0, -4.200491107665641, -1.573906649513059
1, 38.0, -1.9178465792243566, -1.406300953542855
1, 39.0, -0.8944589775396226, -0.5616531788439338
1, 40.0, -0.6387296810355413, -0.8752595101722629
1, 41.0, 0.8045953046226566, -1.0090062609230572
1, 42.0, 0.1550774216224733, -1.302801117521198
1, 43.0, -1.985760223208135, -1.2932618676426895
1, 44.0, -0.6502718118631031, -1.6355332379307785
1, 45.0, -2.0107083736928697, -2.0316495424852383
1, 46.0, -1.3479226201809158, -2.2273001925815876
1, 47.0, -1.4018632023164583, -2.017035705775618
1, 48.0, -6.853690104749592, -2.347735331143697
1, 49.0, -3.9893012231375495, -2.4117201571596727
1, 50.0, -4.5666976151284535, -2.2653884724851436
1, 51.0, -3.9929718017906977, -2.271382946379054
1, 52.0, -2.4127860209378627, -1.7640755714522733
1, 53.0, -1.1583733682074342, -1.591760442815305
1, 54.0, 1.2055444898672691, -2.427575710438374
1, 55.0, -1.3157148087510997, -2.659934871235323
1, 56.0, -4.113049033780999, -2.455160742309126
1, 57.0, -0.613032048472413, -1.598507705854292
1, 58.0, -0.850540133899586, -1.5139517631605617
1, 59.0, -1.671243727868024, -1.4556684115339948
1, 60.0, -2.145955210706278, -1.412143323034064
1, 61.0, -0.2864661886625899, -2.4179635536494786
1, 62.0, 0.6020642899591708, -1.7195471015562185
1, 63.0, -4.45517005738967, -1.8989209384554375
1, 64.0, -1.3849782093557774, -2.045674373900159
1, 65.0, -0.6896927626160498, -1.1937209776375344
1, 66.0, -0.3071247311437098, -0.5802997145343793
1, 67.0, 0.13512129173226034, -0.04183837948603519
1, 68.0, 1.3963751171780459, 0.7815531620556753
1, 69.0, 1.1208655183125422, 1.2055047520789988
1, 70.0, -0.982616965202223, 1.4600080628475014
1, 71.0, 2.3543312468678446, 0.08048513949530034
1, 72.0, -0.002869678795364511, -0.22702443134722672
1, 73.0, 0.16327392212604408, -0.29002453441483517
1, 74.0, -1.0804095309764006, 0.42676056674226887
1, 75.0, -1.0707460734044583, 0.15669293999289918
1, 76.0, -0.37333716183300203, 0.27427999099109035
1, 77.0, -0.904714246441332, 0.5062401054558774
1, 78.0, 0.6146486760603969, 1.1335786722842376
1, 79.0, 3.5443324230987185, 1.6567898232417533
1, 80.0, 0.5688339094782078, 0.7630936742297862
1, 81.0, 0.6319871235866348, 1.1312133759695164
1, 82.0, 2.537394620414231, 1.7991579538046205
1, 83.0, 2.9202433263339422, 1.5993498789996001
1, 84.0, 0.35663740450345593, 1.7659911535918071
1, 85.0, 0.6581843990095622, 1.7576557597655726
1, 86.0, 0.9877297714634178, 0.9920171008543406
1, 87.0, 1.1467942562592013, 1.0933215664974443
1, 88.0, 1.4528460906755005, 1.5636832919624526
1, 89.0, 1.5981484701508242, 2.3058836722955682
1, 90.0, 0.577515292470538, 1.6672014320614426
1, 91.0, 2.416592180204353, 1.5950876089690755
1, 92.0, 2.5963506708287785, 1.77383318239476
1, 93.0, 4.163666089639571, 1.6810070061772535
1, 94.0, 1.3956003670904689, 0.8886773776911663
1, 95.0, 2.6892059002753914, 1.4059373860268858
1, 96.0, -1.746434889276763, 1.5368978752319433
1, 97.0, -0.5783553374989934, 1.4577438271611585
1, 98.0, 1.7365471371431485, 1.954698570391277
1, 99.0, 0.2826024084563654, 1.7567749264857457
6, 0.0, 0.8084765799606479, 1.1895431908873855
6, 1.0, -0.4596500896241773, 0.4415010071638116
6, 2.0, 0.19021439366335524, -0.2805198117350701
6, 3.0, -0.6215973446815108, -0.23392942310997816
6, 4.0, 2.074833938574464, -0.021199456357854862
6, 5.0, -2.0111118404581316, -0.5155058290020922
6, 6.0, 0.08956247846804888, -1.3035089344399577
6, 7.0, 1.384259167821183, 0.10389910450124762
6, 8.0, -0.321402701291742, 0.46219775032168386
6, 9.0, -0.6043168372180125, 0.7411723464249085
6, 10.0, -0.7681725943544917, 0.7482763320593901
6, 11.0, 0.19018439264160536, 0.9798396034223499
6, 12.0, 0.5380416136151092, 1.5803968653406801
6, 13.0, 2.0016002117404996, 1.2908638090844389
6, 14.0, 4.515933705302936, 0.8938397750020564
6, 15.0, -0.7133956883077959, 0.9474655445232882
6, 16.0, 3.901367010584826, 0.7151870251082608
6, 17.0, 1.0063627712124328, 1.3080263866025694
6, 18.0, -2.0402952787618123, 1.146206940890896
6, 19.0, -0.5607389360210693, 0.30680341350355134
6, 20.0, -0.020979563484797237, 0.3889808682277076
6, 21.0, 2.7084426865394486, 1.2558294795460068
6, 22.0, 5.606001655718988, 1.1850827974022224
6, 23.0, 1.1936164449061173, 0.9106616955409104
6, 24.0, -1.7184197595033968, 1.2681676946225566
6, 25.0, 4.015346527873942, 1.3641357168209456
6, 26.0, -1.0240961037564045, 2.0928092394900117
6, 27.0, 3.563471623652833, 2.294651952244775
6, 28.0, 2.8530619660583927, 2.1532511615823724
6, 29.0, 1.611307487393178, 1.4980726567003797
6, 30.0, 2.8194960988713307, 2.2915155641253087
6, 31.0, 4.017761609654474, 2.0376988601855635
6, 32.0, 0.7674438898091425, 1.581216520959348
6, 33.0, 2.2726549884859484, 1.5554470433696852
6, 34.0, 3.1453902467571604, 2.1167686728201334
6, 35.0, 2.7399151532455948, 2.3833927235462546
6, 36.0, 0.2300102193910072, 2.5942089236267925
6, 37.0, 2.3103778025220025, 2.875057501414379
6, 38.0, 3.586526006536361, 2.674066640541098
6, 39.0, 0.7348937017101149, 2.7823430334238966
6, 40.0, 3.0822871373493386, 2.9836327409807897
6, 41.0, 5.5191807270147075, 3.053205613852811
6, 42.0, 3.8200249948515204, 3.4236637043253983
6, 43.0, 4.149813036662309, 3.6168707157383775
6, 44.0, 1.4065175597228683, 2.912028634860701
6, 45.0, 3.8813508632532883, 3.5473353198827136
6, 46.0, 3.903503876608042, 3.0416177260520816
6, 47.0, 3.3867858487623703, 2.9839553975351154
6, 48.0, 2.569120584954149, 2.630164351467939
6, 49.0, 3.9840801006104125, 2.239087287739549
6, 50.0, 1.6420423645553515, 1.6183838402938697
6, 51.0, 2.862707815763468, 1.1659564803644373
6, 52.0, -1.1195628879958515, 0.7585777625269019
6, 53.0, 2.1168444814776928, 1.0495893262498508
6, 54.0, -3.0013582860678234, 1.1874581694205528
6, 55.0, 0.5708654584505152, 1.102452967450692
6, 56.0, 2.343911426030813, 0.895233318006298
6, 57.0, 5.120687192386367, 0.4263137745645646
6, 58.0, 0.3974903293288857, 1.1524374091211347
6, 59.0, 0.31518301724346265, 0.9290776729825813
6, 60.0, 1.8552408931825715, 0.7966662075460449
6, 61.0, 4.541693880161964, 0.9916785782078119
6, 62.0, 3.222297723934951, 1.105976751139075
6, 63.0, 0.6634001369188766, 1.6085753719994356
6, 64.0, 2.480231917640991, 2.6057423834690745
6, 65.0, 1.9207012057434159, 2.4546484259268495
6, 66.0, 4.092190326357896, 3.157187546075572
6, 67.0, 1.9495808441706608, 2.8103979555225185
6, 68.0, 3.442957814213094, 2.425051543844121
6, 69.0, 2.549616797058005, 1.6449211057135158
6, 70.0, 2.0197321405970388, 1.4350427728819173
6, 71.0, 2.373407736688439, 0.438860625201841
6, 72.0, -0.2207436686865929, 0.27645627238087783
6, 73.0, -0.6527469809273059, 0.3540567014334813
6, 74.0, -0.6635399664588695, 0.3434279476039077
6, 75.0, -1.677010517945952, -0.035284948282048256
6, 76.0, 1.9734196812096407, 0.1714678522725582
6, 77.0, -2.271593471891525, -0.2951996892804283
6, 78.0, -0.14931053995573595, -0.6230579811812215
6, 79.0, -1.3768152936996503, -0.5381951462748381
6, 80.0, -1.8238835624681564, -1.1044513238920708
6, 81.0, 0.4830983529910542, -0.9263481251798473
6, 82.0, -1.5459816832767797, -1.0118917183504403
6, 83.0, -1.9488021912949989, -1.9890707649722015
6, 84.0, -3.4585829027087103, -2.9250425713685853
6, 85.0, -1.0700767482051468, -2.6711873626052993
6, 86.0, -5.861472783590383, -2.517040083381089
6, 87.0, -2.5591893148963907, -2.326622671562291
6, 88.0, -7.656708969527905, -3.1870217705667523
6, 89.0, -4.0360652007032805, -2.6267029521202807
6, 90.0, -3.395504425039606, -2.2634879358738904
6, 91.0, -4.2731044576823525, -2.122490347544693
6, 92.0, -3.7417285838124226, -2.1544344001396873
6, 93.0, -0.5365195587457139, -1.7785119889850625
6, 94.0, -3.5957428326393712, -1.910662681964334
6, 95.0, -0.9331622009819434, -1.512951301868911
6, 96.0, -3.175789073737841, -1.633403253165962
6, 97.0, 0.05820576581364001, -0.862343581490985
6, 98.0, -3.0719934803424955, -0.7231470093730177
6, 99.0, -0.24141833093619547, -0.7441749985494089
9, 0.0, 0.7779776821328535, -1.8500148717811575
9, 1.0, -0.8597808029147571, -2.5957743642265148
9, 2.0, -4.314469707256487, -3.1135299211412084
9, 3.0, -4.118365503437206, -3.0612663601742245
9, 4.0, -3.1837767389817873, -3.2875835228823336
9, 5.0, -5.335575003246632, -3.2760315289118993
9, 6.0, -6.695475648611078, -3.5290940577254624
9, 7.0, -3.9519696794076085, -2.918951627086464
9, 8.0, -5.088457602116623, -2.476986601214662
9, 9.0, -6.360888639879194, -3.6442056529695863
9, 10.0, -3.9495687696489052, -3.4481737085654496
9, 11.0, -2.908192765479135, -2.8962489503782076
9, 12.0, -3.852501406453396, -2.91641687840127
9, 13.0, -6.040325969922821, -3.5168562220253294
9, 14.0, -1.5561765324028178, -3.144122433893553
9, 15.0, -4.597710956750601, -3.207882146945283
9, 16.0, -4.160492686736595, -3.59714872232202
9, 17.0, -5.561451287278116, -3.8323643482431327
9, 18.0, -2.516533392257013, -3.1158853711792314
9, 19.0, -4.700325186738024, -3.1886193188082212
9, 20.0, -5.614270353662824, -3.5629829894758402
9, 21.0, -3.8936820313278915, -3.1839779998035365
9, 22.0, -0.285947489651734, -3.186185165907413
9, 23.0, -0.3081836159743454, -2.577901123713735
9, 24.0, -5.098034347543644, -2.654694740847289
9, 25.0, -4.526965112587868, -2.7493168243622357
9, 26.0, -2.601730173962279, -2.517584642532574
9, 27.0, -4.752300328157975, -2.1031240278668215
9, 28.0, 0.8022526860212844, -1.1431682910983263
9, 29.0, -2.584907271571182, -1.2406619625207986
9, 30.0, 1.1879298134204612, -1.0967356216109208
9, 31.0, 0.4945449780629265, -0.20722975894443196
9, 32.0, -0.8249005254342514, -0.9448940081376644
9, 33.0, 3.105027189581407, -1.2461709330916015
9, 34.0, -2.443344678925411, -1.150395483607662
9, 35.0, -2.2752226195727094, -1.9308219049715079
9, 36.0, -4.811896536229973, -2.175129353097465
9, 37.0, -2.830885180649477, -2.4399780404471296
9, 38.0, -2.916574512190614, -3.8398167072535214
9, 39.0, -4.981502791624308, -3.708509301976063
9, 40.0, -7.321486147304114, -4.205645358127052
9, 41.0, -3.3901050580909207, -4.686764904289589
9, 42.0, -8.175797133676102, -4.25285642759958
9, 43.0, -1.9347063143161796, -5.011251384757389
9, 44.0, -4.6571741087176335, -5.704831423702236
9, 45.0, -3.029171257718521, -4.525956656858686
9, 46.0, -1.1638504813355932, -4.2232215799506525
9, 47.0, -4.243699901797237, -4.683675412107251
9, 48.0, -7.914614874984357, -4.7190225708216005
9, 49.0, -2.2938816763596193, -4.809277501571038
9, 50.0, -1.9951737633728568, -4.460123644484117
9, 51.0, -4.7210030781087, -5.068055957760559
9, 52.0, -4.082208206234181, -3.92866807679147
9, 53.0, -4.881450955288197, -4.033398035174637
9, 54.0, -3.8529635943626364, -4.643257757056774
9, 55.0, -5.406122732744536, -5.330418459048261
9, 56.0, -5.373276555805482, -5.581622061982161
9, 57.0, -3.689894350941719, -5.46781895942048
9, 58.0, -1.8660607229309654, -5.37509252547204
9, 59.0, -1.764682926642576, -5.062222559848179
9, 60.0, -3.580926958596771, -4.925586409723636
9, 61.0, -6.649964129320619, -5.374472246259168
9, 62.0, -3.648300679936524, -5.449077933175364
9, 63.0, -6.062393776823672, -5.599708452920502
9, 64.0, -6.7629209759883455, -5.131276085341727
9, 65.0, -4.453473202375995, -5.2946520468583955
9, 66.0, -4.101401766720248, -5.964486627736531
9, 67.0, -5.313708086699203, -6.1610823287755965
9, 68.0, -5.381418331618709, -6.511489676317396
9, 69.0, -9.997697310926469, -7.131431247846084
9, 70.0, -9.02875214780605, -7.3544160510110315
9, 71.0, -8.829315731804574, -7.633831694264671
9, 72.0, -6.27612307125867, -7.633534365065386
9, 73.0, -6.738376474435135, -7.44407801247871
9, 74.0, -7.067718211884263, -7.3995148132013755
9, 75.0, -8.898040343120915, -8.124220389916754
9, 76.0, -9.14721560027464, -8.908051589190102
9, 77.0, -9.158599356259609, -8.946743641526135
9, 78.0, -9.857310186587997, -9.030272914261817
9, 79.0, -7.505924981113444, -9.07572589600143
9, 80.0, -11.732646770148266, -10.137476038574494
9, 81.0, -11.468339121105117, -10.498178222762604
9, 82.0, -12.672258749646051, -10.936637388933148
9, 83.0, -10.705149317839593, -10.277915959880279
9, 84.0, -9.531624161275857, -10.330506125840667
9, 85.0, -13.81424994410795, -11.422820310125505
9, 86.0, -13.706740510610343, -11.859041420146399
9, 87.0, -8.840879718467768, -11.560124770553163
9, 88.0, -16.926145991875515, -12.00004620658268
9, 89.0, -14.709376049782145, -12.174353850765518
9, 90.0, -13.251694433223031, -12.137246646967379
9, 91.0, -9.927553254479166, -11.227889804273696
9, 92.0, -11.466600058312805, -10.827345173451752
9, 93.0, -11.85573092530134, -10.549182938906355
9, 94.0, -8.058475613259246, -10.41790482906434
9, 95.0, -8.809731896336107, -10.060737627767427
9, 96.0, -9.254136299739777, -10.713803020793526
9, 97.0, -11.115019791918538, -11.343137292391145
9, 98.0, -12.191607675046823, -11.93587286941653
9, 99.0, -10.303227550244609, -11.219316531039095
13, 0.0, 6.711102666607522, 5.028550351018261
13, 1.0, 2.602044032296504, 3.862507946447705
13, 2.0, 4.593981676503138, 4.518798905802959
13, 3.0, 6.327417452762282, 4.798666287699449
13, 4.0, 5.312019301257481, 4.806008246463986
13, 5.0, 5.8911862006385, 4.742566631302273
13, 6.0, 8.450287558191512, 3.674637494699202
13, 7.0, -2.0454888389469983, 3.1864905627440367
13, 8.0, 2.9782805815464664, 3.3822823549160743
13, 9.0, 7.6651266369981625, 4.414326031949823
13, 10.0, 3.1194218426412377, 4.151663243643125
13, 11.0, 1.8335388373619197, 4.040595881843392
13, 12.0, 6.01271424829144, 4.82798322952992
13, 13.0, 5.28034872966302, 3.856398183778377
13, 14.0, 5.209608287938417, 3.849063870449866
13, 15.0, -0.20584554368418884, 3.863922997947563
13, 16.0, -0.6636183472534345, 4.195262131499154
13, 17.0, 4.230232550100415, 4.217704089171248
13, 18.0, 4.77575815852994, 4.644585322370585
13, 19.0, 5.954781816882819, 4.736310889889067
13, 20.0, 6.739541739904384, 5.154046234390252
13, 21.0, 5.062751269507784, 5.556284694615051
13, 22.0, 7.478110402345787, 5.878833096264201
13, 23.0, 3.358701644057786, 5.866555330491585
13, 24.0, 4.5951335001683535, 5.594477290374153
13, 25.0, 4.809604075495364, 6.204243463335683
13, 26.0, 6.203560071115922, 6.269342672597221
13, 27.0, 6.876596904832016, 5.958255085575386
13, 28.0, 8.148788558013333, 5.539821495133769
13, 29.0, 2.453353547049336, 5.237193621133392
13, 30.0, 8.313278602318988, 4.504604872939446
13, 31.0, 4.967712336469115, 4.802431978380524
13, 32.0, 5.476264656457004, 4.916551121671618
13, 33.0, 8.14598553978098, 5.550339359541117
13, 34.0, 5.649890763040084, 6.021284150489196
13, 35.0, 3.7825914970079397, 5.439368270692307
13, 36.0, 4.75662103987916, 5.365580025810102
13, 37.0, 6.269492874701085, 4.613472307748058
13, 38.0, 5.190754198335782, 4.721869340225896
13, 39.0, 6.136974623868982, 5.017365717490117
13, 40.0, 5.120230960301666, 5.350120605273738
13, 41.0, 3.8121063211414397, 4.8748801344856325
13, 42.0, 3.8848468370366116, 5.218617538667873
13, 43.0, 6.028672385015712, 5.221591412127671
13, 44.0, 5.663656940646262, 5.232783608413594
13, 45.0, 5.963601067989573, 5.028205107862061
13, 46.0, 6.582982651209304, 5.1026525779718765
13, 47.0, 4.14986337664495, 4.648907617744517
13, 48.0, 3.0416767336486386, 5.151829234286893
13, 49.0, 6.551485603472139, 4.823615815477031
13, 50.0, 4.951543433084274, 5.351192662553447
13, 51.0, 7.459138526730701, 5.845120210787608
13, 52.0, 5.516725640844637, 6.316175999002714
13, 53.0, 6.799138338674114, 6.3454132507794165
13, 54.0, 2.82298653817652, 5.961650967675783
13, 55.0, 3.7673638193287378, 5.8737524060934705
13, 56.0, 7.070440146389277, 6.420218300617636
13, 57.0, 6.809411219743785, 6.115167395546951
13, 58.0, 7.129867023416959, 5.558765466617749
13, 59.0, 4.84015680835404, 4.865579184686364
13, 60.0, 6.078865885060703, 5.097952393143972
13, 61.0, 2.2212245219729367, 4.20948096809839
13, 62.0, 6.380932279716629, 4.687281230378653
13, 63.0, 5.477875525252892, 4.372178007669752
13, 64.0, 4.656181071884043, 4.295696833642166
13, 65.0, -0.2466366411644607, 3.657110233423405
13, 66.0, 1.8504294145284401, 3.0788464186708766
13, 67.0, 0.8985797726542522, 2.286269002552464
13, 68.0, 0.8034517982115532, 1.9136467646969408
13, 69.0, 2.559415060662393, 2.060360183509114
13, 70.0, 3.2272344776271766, 1.9319548512643085
13, 71.0, -0.9569056247534224, 0.9627203626983398
13, 72.0, 0.9760650005643591, 0.3780157187531289
13, 73.0, 0.8993980478977339, 0.7401035087234518
13, 74.0, 0.07744059740544262, 0.45425730227791655
13, 75.0, 2.2430156423975847, 1.0177936611335503
13, 76.0, 2.7469468384199143, 1.421989874429498
13, 77.0, 0.9984420928101917, 1.635382301289483
13, 78.0, 2.271784095671424, 0.6249061087055736
13, 79.0, -0.15642567236752958, 0.04456381939004039
13, 80.0, -0.01649255712088621, -0.23374218476486996
13, 81.0, -3.111212216057723, -0.6123026968341854
13, 82.0, 0.6640430904011222, -0.8253386291982444
13, 83.0, -0.5275464155293084, -1.2258557063956972
13, 84.0, -3.0009725130906486, -1.618671893348953
13, 85.0, 1.3876667988879507, -1.9741784588628946
13, 86.0, -3.679334720432433, -1.9533550820896863
13, 87.0, -3.998170215264873, -1.6471485763589593
13, 88.0, -3.3586133153324003, -1.8543936610873129
13, 89.0, -1.5394065876028435, -1.1918323233891428
13, 90.0, -0.6729795297509894, -1.3250396683059384
13, 91.0, -2.3307088310456674, -1.1253427203859336
13, 92.0, -1.636980306822855, -2.4069228799998137
13, 93.0, -0.48436543588399905, -2.6271779739420733
13, 94.0, -4.536983389786432, -1.8951687606939593
13, 95.0, -4.297622793638973, -1.7013011581921187
13, 96.0, -2.3313453160223556, -2.285053084527929
13, 97.0, -4.8637955316498545, -2.4716983491498805
13, 98.0, 0.46974701514563, -2.7620344995100345
13, 99.0, -0.8882597815707785, -3.0118254858444384
2, 0.0, 0.15979930591949576, -1.369685013111723
2, 1.0, 0.15060370923694832, -0.902167629188042
2, 2.0, 0.5924630853690768, -0.21188233391980238
2, 3.0, -3.533015173352546, -0.5553284590527436
2, 4.0, 1.66684351562248, -0.8598081415838127
2, 5.0, -0.7523486709018196, -0.6296838418256873
2, 6.0, 1.2003362966740103, -1.056156365705128
2, 7.0, -0.7744693409470851, -1.1476298667171445
2, 8.0, -2.7631286825252106, -1.1767117680938397
2, 9.0, -4.304996274369833, -1.7057869152046927
2, 10.0, -0.1128453688674298, -1.4782209976827503
2, 11.0, -6.040112521079548, -2.195560136955679
2, 12.0, -1.387320022857358, -2.888783674417967
2, 13.0, -1.3551709654298805, -2.8975200862367956
2, 14.0, -3.4663006268978074, -3.132283614252577
2, 15.0, -4.498318653029562, -3.513857381931878
2, 16.0, 1.57976596122132, -3.2020115843345844
2, 17.0, -3.8299729070907063, -4.61417482733343
2, 18.0, -4.5992268723166845, -4.8358455213043205
2, 19.0, -2.8896169073683717, -4.922877620626355
2, 20.0, -7.6990777669776715, -4.152993412160432
2, 21.0, -3.9841869630895475, -4.7992482689638996
2, 22.0, -3.4698583488426555, -4.459347887673454
2, 23.0, -4.49002856325543, -3.086117967749684
2, 24.0, -1.5047281194794782, -3.113899855932061
2, 25.0, -6.340676611457756, -2.630400160652116
2, 26.0, -1.3287652574925923, -2.1727770044509085
2, 27.0, -0.2209743066614056, -2.8032286980674335
2, 28.0, -4.81990045221907, -2.9543255472678025
2, 29.0, -3.960014720325547, -3.560462735569005
2, 30.0, -3.2189321910164317, -3.986657788853026
2, 31.0, -2.8086386633374065, -3.0384085875392612
2, 32.0, -1.8603402610367246, -3.2664822050686766
2, 33.0, -5.654748594274783, -4.03470888820177
2, 34.0, -4.146105630604355, -4.594774319990436
2, 35.0, -5.9476824581977255, -4.279833537790572
2, 36.0, -2.8481340128575083, -4.250498678423105
2, 37.0, -5.683726755104645, -4.927719988547044
2, 38.0, -7.275145767467445, -5.342723766862455
2, 39.0, -7.443247178113253, -4.574989969999094
2, 40.0, -2.330103683451597, -4.405873825004077
2, 41.0, -3.761226754282645, -4.66950003468403
2, 42.0, -3.1435570197086324, -4.32516821990603
2, 43.0, -8.497680805048015, -4.928803858439079
2, 44.0, -5.9046161260446, -6.17080341216472
2, 45.0, -3.021677652740488, -5.858334535530457
2, 46.0, -5.119526095905767, -5.723136285897224
2, 47.0, -8.271019000216178, -5.701023738678453
2, 48.0, -7.571121958244493, -5.048345967949036
2, 49.0, -3.9426792893517115, -4.542171213281729
2, 50.0, -5.056420792719908, -4.758847432183493
2, 51.0, -3.1771004374767546, -4.661539697936305
2, 52.0, -6.63757641467214, -5.269345447154434
2, 53.0, -5.701390331774991, -6.006587046628733
2, 54.0, -5.15718475926993, -5.716973945297854
2, 55.0, -5.160150113458345, -5.162982743338484
2, 56.0, -3.730028256111361, -5.408033847181744
2, 57.0, -6.886686987020562, -5.144591655275539
2, 58.0, -5.130069978175674, -5.246851878262502
2, 59.0, -5.846300758250779, -4.5906881021022325
2, 60.0, -6.041215005722023, -4.375844137457038
2, 61.0, -3.95659105127808, -5.617779057556279
2, 62.0, -5.832282907366398, -5.4091247877431465
2, 63.0, -6.347063874981281, -5.729123509514989
2, 64.0, -4.925552106556642, -6.225972458892025
2, 65.0, -5.341532831729918, -5.403050444902804
2, 66.0, -6.822220932354394, -5.130310854369507
2, 67.0, -4.764537291294507, -4.700867455735034
2, 68.0, -6.518219279051236, -4.023012158015095
2, 69.0, -3.2086137145061624, -3.4670978255990583
2, 70.0, -4.711354811185639, -3.5802691406992566
2, 71.0, -5.39856106282398, -4.130927174205253
2, 72.0, -3.0682219747623645, -4.253210330010255
2, 73.0, -6.186217287039585, -4.3194372739243345
2, 74.0, -5.286116807047122, -4.216917477793941
2, 75.0, -4.2640927901429135, -4.568822249121625
2, 76.0, -5.167322681021057, -4.056807569869741
2, 77.0, -0.714906436927945, -3.6738609425433983
2, 78.0, -3.138884382275894, -3.1100830698466204
2, 79.0, -7.174303391132167, -3.1535130505521045
2, 80.0, -2.6351709924628577, -3.2228796870699266
2, 81.0, -3.3049081100010493, -3.0694344637269673
2, 82.0, -3.103625386140539, -2.193859260886167
2, 83.0, -2.140790843975653, -2.0345544553470334
2, 84.0, -0.43279184297695505, -2.211432660651155
2, 85.0, -4.485303078165217, -2.715136735536426
2, 86.0, -1.5862785220553957, -2.568751068141124
2, 87.0, -0.9124356039721429, -2.0364864489333465
2, 88.0, -1.3824149120487732, -2.31827711236762
2, 89.0, -1.3073232260843184, -1.8937912995518766
2, 90.0, -0.891753790495294, -1.5289759770398605
2, 91.0, -1.4944601850937735, -0.42295171367431905
2, 92.0, 2.4895524403258595, -0.20857552113857206
2, 93.0, 0.5510878159283861, 1.0236403329748487
2, 94.0, 4.4324258823348295, 0.9961397669703398
2, 95.0, 1.1582250859736791, 0.6231197587662112
2, 96.0, 0.016619152223791955, 1.1662673667883756
2, 97.0, -0.24139987387769102, 1.1559340487853216
2, 98.0, -0.8505246862980318, 0.9986972514883856
2, 99.0, -0.4566874014285385, 1.0691939096753125
12, 0.0, 5.031947755451446, 1.751525144119292
12, 1.0, 2.004099433520006, 2.1821378471623363
12, 2.0, 3.2997052432520264, 2.1460595331846033
12, 3.0, 2.4900926881992542, 2.5162283682767805
12, 4.0, 1.6931416623438293, 2.5056937408723843
12, 5.0, 1.1156678658874686, 1.9521701223572419
12, 6.0, 3.9245870988315477, 2.368018983047218
12, 7.0, 2.400413951431558, 2.4205788928667675
12, 8.0, 3.099583867824597, 2.3304546500937806
12, 9.0, 3.1058640125794446, 1.735087928963153
12, 10.0, 1.4015164496391934, 1.9476010355342042
12, 11.0, 2.3257813006401076, 2.7486567884607718
12, 12.0, -1.572493239533649, 2.7079348037582025
12, 13.0, 5.7361682703415315, 3.4958215095411957
12, 14.0, 3.8795449465760434, 2.9728150279862464
12, 15.0, 5.114316470762052, 3.359686101142112
12, 16.0, 2.869300294609209, 3.2782911691980847
12, 17.0, 3.0101276236435615, 2.644352864034171
12, 18.0, 1.1624165302944691, 3.236537467989794
12, 19.0, 8.322943227505991, 4.058529671777936
12, 20.0, 5.980837170256816, 4.727276181861969
12, 21.0, 5.385525568580637, 4.183444167290052
12, 22.0, 5.164316899340366, 3.8980360790400654
12, 23.0, 3.6269578662428255, 3.5722987839994413
12, 24.0, 2.8168998802378953, 4.256343616621369
12, 25.0, 3.8508295343113375, 4.204313563330505
12, 26.0, 3.246259639590628, 4.528520645503692
12, 27.0, 7.641075014983265, 4.609583851730759
12, 28.0, 1.3602717885856754, 4.733696648162642
12, 29.0, 5.72946058421733, 5.5386262898627
12, 30.0, 6.892717218275318, 5.184676229755904
12, 31.0, 4.3954641721740835, 5.141670463845113
12, 32.0, 7.148592188956026, 5.076906490732061
12, 33.0, 5.611774277151515, 5.227167052482615
12, 34.0, 5.566718246073557, 5.471220375355131
12, 35.0, 3.3780353534913394, 5.3608622498662095
12, 36.0, 5.427345289794944, 5.672567787100603
12, 37.0, 4.392772483796488, 6.423313136217141
12, 38.0, 9.63287923001138, 6.231979366208758
12, 39.0, 6.906120384105683, 6.772063915719335
12, 40.0, 5.43881950299572, 5.850104154861448
12, 41.0, 4.395648410905244, 5.751541185592689
12, 42.0, 8.15034834276496, 6.03267682195418
12, 43.0, 8.062431141940438, 6.534338011545856
12, 44.0, 6.652744924727942, 5.996335053513354
12, 45.0, 8.158098528651465, 6.301642803338872
12, 46.0, 7.9741211140815995, 6.725206928372768
12, 47.0, 6.655853287086437, 7.33159372516604
12, 48.0, 8.591211710830422, 6.587837692423466
12, 49.0, 5.600713908671797, 6.266242318027549
12, 50.0, 4.655764477847224, 6.181968758777154
12, 51.0, 3.6390336757269277, 6.616712056731578
12, 52.0, 7.959875476551313, 6.339766327780063
12, 53.0, 5.072846988659266, 6.1665564655316345
12, 54.0, 2.94161797994417, 4.379937476858992
12, 55.0, 5.478723892957996, 4.541571941508481
12, 56.0, 4.261127505746101, 4.176916473604355
12, 57.0, 6.825032006785756, 4.326830807386645
12, 58.0, 1.982596756773959, 4.328743455627936
12, 59.0, 5.133353612774261, 4.469520805730831
12, 60.0, 5.863649117679353, 4.489327324452379
12, 61.0, 0.6408038893259311, 3.218686657891955
12, 62.0, 6.429546019909553, 3.9816190189887797
12, 63.0, 3.5565089709205187, 3.7941466995956348
12, 64.0, 0.09165882868268271, 4.072274015511344
12, 65.0, 8.029174454723169, 4.515758255889681
12, 66.0, 2.6398034571465794, 4.924669807020588
12, 67.0, 6.64128188874165, 4.622961340929465
12, 68.0, 9.855236692582459, 4.976931118377099
12, 69.0, 3.8654867723843735, 4.694280483053327
12, 70.0, 3.319629312943527, 4.716379298249933
12, 71.0, 3.6515366297582132, 4.260747664293741
12, 72.0, 1.1457848882477966, 4.149652231822058
12, 73.0, 4.782279251364074, 4.790478171708301
12, 74.0, -0.5054758884952033, 4.540283336696984
12, 75.0, 2.1996854861346553, 3.3731561419022844
12, 76.0, 5.007635484262655, 3.2401189156822
12, 77.0, -1.6328186671596159, 2.368955292334971
12, 78.0, 0.9575359000021426, 2.2471602302482014
12, 79.0, -0.8124062762608408, 1.776933774819921
12, 80.0, 0.7050762229854834, 1.7340934470545983
12, 81.0, 3.433256742598668, 1.900210491710187
12, 82.0, 1.7390616748114063, 1.431908099106793
12, 83.0, -0.5187343584792671, 0.8255114042237316
12, 84.0, 2.559516809988588, 0.5061481540036628
12, 85.0, 2.9986335359033145, 0.5364541662638322
12, 86.0, 4.074423850555369, 0.5829579145735522
12, 87.0, 0.44012121615670297, 1.0333873587554523
12, 88.0, -2.386173664973442, 1.0086582600197693
12, 89.0, 1.336129867334764, 1.259930290657614
12, 90.0, 3.109844401303836, 1.2124653663447622
12, 91.0, 0.38130812180590656, 1.3336941374744649
12, 92.0, 1.7914660436847438, 0.7875932098032277
12, 93.0, 2.8963028748844235, 0.5542127947821366
12, 94.0, -1.564534604072231, 0.3244168895617291
12, 95.0, 1.921071016050466, 0.4476292437074061
12, 96.0, 3.5850589895714964, 0.2189358325548248
12, 97.0, 0.3374248376058418, -0.1908981737544016
12, 98.0, 2.7524200606718594, 0.9828408572204581
12, 99.0, -0.9954772342519069, 1.9366809395547455
7, 0.0, -0.7991453243590774, 1.7944854752947712
7, 1.0, 0.8084530004616829, 1.3581142669780086
7, 2.0, 0.7899101502401643, 1.634759320742535
7, 3.0, -1.7552873697607232, 1.293378504337915
7, 4.0, 3.4123589981943208, 1.3173956190805653
7, 5.0, 2.157106521812995, 0.7661900014467792
7, 6.0, 2.56711845214776, 1.0645832411041964
7, 7.0, 2.0540978154362204, 0.22541776650656553
7, 8.0, -1.1881922423365303, 0.27340996760655023
7, 9.0, -0.34237284925223177, -0.24682347951001704
7, 10.0, 0.5006785607199937, -0.6460543363920552
7, 11.0, 0.0027695324898667772, -0.8688013458442249
7, 12.0, -0.2670355921343154, -0.6374413438886123
7, 13.0, -2.990029060149741, -0.3002855406763021
7, 14.0, 0.5865220785796265, -0.20035496054539534
7, 15.0, 0.29939886034072694, -0.25591039348755407
7, 16.0, -1.150906297465774, -0.6007255049808872
7, 17.0, 0.4070784360320605, -0.4290781386888459
7, 18.0, 1.1013355933967304, -0.37426450259312943
7, 19.0, 0.2569845640371471, -0.4689245506935469
7, 20.0, 1.1211762020352385, -0.7290507306139782
7, 21.0, 0.8318907916212713, -0.6553028428898725
7, 22.0, -2.222510665274908, 0.05354415783469202
7, 23.0, 2.200868692132172, 0.5845763193261068
7, 24.0, -1.785561726944421, 1.4071418428395583
7, 25.0, 2.622407162480701, 1.3220109517775276
7, 26.0, 2.369704766727618, 1.9759275613733536
7, 27.0, 1.6762674364546306, 1.6082154893579512
7, 28.0, 0.1563251025300194, 1.9237982267172118
7, 29.0, 1.8821931958745055, 1.338832415898382
7, 30.0, -0.7220443566445729, 1.417201744100697
7, 31.0, 2.8252527918171664, 2.379880110168898
7, 32.0, 0.7922025872293437, 2.1471592977239435
7, 33.0, 4.27542362116481, 1.8755951021997055
7, 34.0, -0.021057454532348086, 2.0398746043906137
7, 35.0, 5.365795746316407, 2.123661135385511
7, 36.0, 2.2281945302984254, 2.965344970201756
7, 37.0, 1.8901052302692336, 1.6346213986462306
7, 38.0, 2.4391657653936174, 1.8636322646734422
7, 39.0, 3.8892432314447927, 2.270371502897502
7, 40.0, 2.014594798313339, 2.0203360579004435
7, 41.0, 3.0286682669348055, 2.444217556694285
7, 42.0, 4.085748648003429, 3.195741224768465
7, 43.0, 3.341842847716603, 2.8932314693061154
7, 44.0, 5.679965220913698, 2.365125213887059
7, 45.0, 1.6626675404147921, 3.0762465623191586
7, 46.0, 5.135922804976608, 2.543529943593912
7, 47.0, 4.579755827644884, 2.514801855347684
7, 48.0, 0.9998213465386018, 1.9805321075897815
7, 49.0, 2.3646495916484054, 2.20537967615877
7, 50.0, 4.5384489466284474, 2.273374608545751
7, 51.0, 2.7999730045536158, 2.243183050754961
7, 52.0, -0.330756297994081, 2.953618418000228
7, 53.0, 4.948959123758728, 3.3527787338947816
7, 54.0, 3.4699416387680206, 3.546283683500679
7, 55.0, 7.15614602047483, 4.373739578802635
7, 56.0, 3.158752832864716, 3.526867280880334
7, 57.0, 1.7034416061066455, 3.237777875633432
7, 58.0, 1.8548920411767156, 3.180110001729735
7, 59.0, 3.3640975646470346, 3.575435674955025
7, 60.0, 0.4709554718851461, 2.6004779074556117
7, 61.0, 4.493129350811248, 2.6558929032633536
7, 62.0, 1.8611728608714735, 2.39065199741041
7, 63.0, 1.8373423760532737, 2.68476650555217
7, 64.0, 6.163007411434034, 2.0429975377914396
7, 65.0, 0.1618075325883157, 3.162521881045901
7, 66.0, 2.0305620984965347, 1.8855869638908531
7, 67.0, 0.7799440544549527, 1.2447253099359248
7, 68.0, 0.5752413614822667, 1.1291997591455571
7, 69.0, -0.6157451833254659, 1.891395901318755
7, 70.0, 0.5937080802682988, 1.841041455318683
7, 71.0, 0.9442238389158987, 1.7827415580970232
7, 72.0, -0.06108302261880261, 1.2995142774387942
7, 73.0, -0.8845668782342249, 0.9197920771785486
7, 74.0, 3.3955261800225944, 1.7838435034136437
7, 75.0, -0.5045926106483929, 1.5443577163054556
7, 76.0, 1.8086048361214493, 1.515448885352288
7, 77.0, -2.1268780512072913, 1.36967833164396
7, 78.0, -0.9894249234587429, 2.0560563962323406
7, 79.0, 1.7665362631023, 2.1847498152469202
7, 80.0, 1.7084372714658806, 2.5246790897037283
7, 81.0, 4.646608678958485, 3.219221124054228
7, 82.0, 4.891349117644522, 3.500550163549201
7, 83.0, 4.801362906818781, 3.3182292427815394
7, 84.0, 3.8057179225951376, 3.3584844123496076
7, 85.0, 2.448472007017979, 3.3967065323329733
7, 86.0, 3.4441749994178794, 2.731085517370724
7, 87.0, 5.4741771928267315, 3.99900081525489
7, 88.0, 8.506417102490463, 4.862422661288159
7, 89.0, 1.7545729796936587, 4.590943433523588
7, 90.0, 3.9473386865513156, 4.260914443509375
7, 91.0, 5.631138803827395, 3.7882481026172643
7, 92.0, 4.925280049088034, 3.833611255223184
7, 93.0, 3.4145444578881317, 3.8796968942827146
7, 94.0, 1.9133850147938631, 3.702165495295156
7, 95.0, 5.652616256967672, 3.4970869190358833
7, 96.0, 2.0935942602546875, 3.81003075859864
7, 97.0, 4.517266062782322, 4.052062476124988
7, 98.0, 5.33546961210377, 4.5707076085625005
7, 99.0, 3.7827907165117574, 5.320057100264619
3, 0.0, 0.8984460212968602, 0.2166985262017683
3, 1.0, 1.2915091451589646, 0.34010236756607404
3, 2.0, 2.4472714696970304, -0.2684963629298329
3, 3.0, 0.349492424576486, -0.8276933784895891
3, 4.0, -0.8162848735681567, -0.38037731911265976
3, 5.0, 0.32350196058191755, 0.025135477545636775
3, 6.0, -2.7472937647558555, -0.4884457100031983
3, 7.0, 0.13728779641405953, -0.22779397290312797
3, 8.0, -0.8747931485116501, -0.06904390597314289
3, 9.0, 1.2174907313667693, 0.35542419550930393
3, 10.0, 1.5926018862452922, 0.4612955733454503
3, 11.0, 0.7512706829227118, 0.3052058468414981
3, 12.0, 0.687605399085524, 0.039957211051426966
3, 13.0, 0.20038489360061512, 0.5031268131335274
3, 14.0, 1.4497302656864064, 0.43581859583936144
3, 15.0, -0.6788183367313673, 0.8670711449974501
3, 16.0, 1.500380166600991, 1.2566628994517932
3, 17.0, 1.0407673277977172, 0.6883278822377676
3, 18.0, 0.2814824169835334, 1.1790773755770312
3, 19.0, 2.9239170662144107, 0.41800280432462855
3, 20.0, 0.15258153488965587, 0.19297755310007195
3, 21.0, -1.6746542691417066, -0.5203533628752307
3, 22.0, -3.2520817282556456, -0.6567983162387115
3, 23.0, -0.6222922350085793, -1.0006473400390363
3, 24.0, -2.2110019983004006, -1.7155284451457629
3, 25.0, 1.1400243313189629, -1.0896098983814126
3, 26.0, -2.2534416313247347, -1.5392404392191006
3, 27.0, -2.757595046595098, -1.3827363448420136
3, 28.0, 1.2599052083856785, -1.1096735045583854
3, 29.0, -4.76555913259446, -0.948140126836696
3, 30.0, 0.5161262767922141, -1.1121422020425393
3, 31.0, -4.396077407585198, -1.873239206992953
3, 32.0, -1.6341749797025003, -1.3826338571743433
3, 33.0, -3.5153158526504287, -0.7106099459225984
3, 34.0, 0.38530162192810424, -0.3520984172875474
3, 35.0, 0.7099420621536608, -0.1363631092347938
3, 36.0, -0.08974226740193117, -0.1047097086285971
3, 37.0, 4.57344024971918, 0.6355519768670952
3, 38.0, 2.6897717455298356, 1.1448921337586713
3, 39.0, 1.047766436525354, 1.4399026202674596
3, 40.0, 3.0237650943269165, 1.48327055062994
3, 41.0, 0.012828647573162932, 1.157714850754324
3, 42.0, 1.4222745602514066, 1.9022818674058044
3, 43.0, 4.686945243223829, 1.850819220680427
3, 44.0, 2.558701147377036, 1.535469560073327
3, 45.0, -1.524653948210228, 1.3336564448227008
3, 46.0, -0.8301125641479961, 2.023712433710473
3, 47.0, -1.940236722370563, 1.4157689865451006
3, 48.0, 1.6701545960686093, 0.7186368204291823
3, 49.0, -2.308200941984059, 0.6239111134829481
3, 50.0, 1.0999159204245619, 0.9147359464121249
3, 51.0, 0.4932311703153456, 0.6314572412417432
3, 52.0, 0.6632358210190936, 0.5673264057168856
3, 53.0, 1.0977305143703473, 0.5219633243365593
3, 54.0, 1.6038219561374343, 0.547917689929484
3, 55.0, 0.18142358527668845, 1.034196664809578
3, 56.0, -1.0574023633103005, 1.0600464757704315
3, 57.0, -0.3213321940047925, 0.2644147544398673
3, 58.0, -1.624169663450923, 0.681437063585437
3, 59.0, 1.5947089121971456, -0.23830744532981596
3, 60.0, 3.999186018591507, 0.31031196856763654
3, 61.0, 1.6474184903839597, 0.1708593555097179
3, 62.0, -0.04510991027694278, 1.0422225818890773
3, 63.0, 0.390567707110808, 1.5778970872316056
3, 64.0, 2.0210489743647786, 1.1662784139558235
3, 65.0, 1.6242858558190623, 1.4859690347152514
3, 66.0, 1.3488954787868337, 1.0163728243614152
3, 67.0, 3.795682124281201, 1.4198488434473453
3, 68.0, 1.764896498000498, 1.4640527031350885
3, 69.0, 0.5416217605100666, 0.6984318921842801
3, 70.0, -1.2714685040122227, -0.19297615021937709
3, 71.0, 0.7379765236323136, 0.7379883810214461
3, 72.0, 0.6809981567302686, 0.6816740182550953
3, 73.0, 1.4610432206483734, 0.18189357757347924
3, 74.0, 1.1136438578868468, 0.945095204061656
3, 75.0, -1.6347794136637384, 0.10974391005218254
3, 76.0, -2.7865857670831393, 0.3022607501718565
3, 77.0, -2.1334107892638556, 0.6560505536735974
3, 78.0, 1.4426291959802477, 1.182556564991803
3, 79.0, 4.195164846353333, 1.3137814631978042
3, 80.0, 2.609734508683376, 1.061890742534036
3, 81.0, 0.18613778762809746, 0.6451721505280559
3, 82.0, 0.15539959983506646, 0.646757936073382
3, 83.0, -2.167218770772414, -0.03861050830155266
3, 84.0, 0.6706004489526263, -0.14142744723557107
3, 85.0, -0.021680452786815938, -0.05225125329455872
3, 86.0, -2.810811614084082, -0.977173792835886
3, 87.0, 0.1026100396119688, -0.8545842947829777
3, 88.0, 0.869768823685499, -0.6042851981325172
3, 89.0, 0.7824452167761548, -0.3691364908481357
3, 90.0, 1.5689054024818674, 0.2672432011736464
3, 91.0, -1.1975706856695498, -0.11762339784159442
3, 92.0, 2.7908301779540765, -0.46301635539206837
3, 93.0, -1.6469249904646084, -0.8636422392258363
3, 94.0, -1.2291793834700069, -1.3135748888356988
3, 95.0, -2.234240823872777, -1.5402513169779544
3, 96.0, -0.5975499812145123, -1.5477414456481802
3, 97.0, -2.2392180437954785, -0.9036913352334375
3, 98.0, 0.6729509621733653, -0.7476376677669149
3, 99.0, -0.7171000860357736, -0.8664895475161318
16, 0.0, -3.3032761957787926, -2.257509058297573
16, 1.0, -2.834266274012469, -2.5269915279515125
16, 2.0, -1.5293222958774684, -2.471414101796776
16, 3.0, -5.417713128724568, -2.057091812510036
16, 4.0, -0.04586833378673871, -1.7124537848610786
16, 5.0, -3.5794898020151007, -1.7907465018657058
16, 6.0, -2.106176068628035, -1.6345222169518363
16, 7.0, -2.064515857449722, -1.2201243061817466
16, 8.0, -3.1025447803606294, -1.7555069744047982
16, 9.0, -2.5431135753810046, -1.6356966383224472
16, 10.0, -1.1450866021600223, -1.5284891007272756
16, 11.0, -2.2822200865049003, -1.9515765295093623
16, 12.0, -0.9439259309182408, -2.225253626898766
16, 13.0, -3.2762353287846517, -2.1612932062046797
16, 14.0, -3.8673812470320588, -2.38178124921491
16, 15.0, -1.14685052690451, -1.9941084275741678
16, 16.0, 0.050567339954219914, -1.1163623030866519
16, 17.0, 0.6073698794037412, -0.5180339583823537
16, 18.0, -3.965481198273396, -0.5551930765979299
16, 19.0, -0.17303232075629554, 0.17714303788289565
16, 20.0, -1.4889847178516566, 0.008174801424099154
16, 21.0, 0.9007585880599678, 0.10217174023943366
16, 22.0, -0.4305852670637936, -0.2364500158285927
16, 23.0, -1.5631707894044793, -0.5630111462190706
16, 24.0, -0.0921953689791919, -0.867489348933822
16, 25.0, -3.3967199839959274, -2.214409947065172
16, 26.0, 0.4335044906612744, -1.3683318698030393
16, 27.0, -4.865629805688186, -1.5447815496913202
16, 28.0, 2.117120576993092, -1.1891377270370702
16, 29.0, -0.6270074158544058, -1.462664202718262
16, 30.0, -3.8624477816604905, -1.3183428390809642
16, 31.0, -5.740558824213502, -1.1536523992893197
16, 32.0, 0.09233860411284533, -0.055271070878629924
16, 33.0, 2.977616667292836, 0.904507700042516
16, 34.0, 2.636129858269402, 1.2044490254461986
16, 35.0, -0.8257352844170558, 1.4812863745039515
16, 36.0, 0.5033005644324844, 1.6817203224886255
16, 37.0, 1.3970307711716976, 2.0805541788450683
16, 38.0, 0.2270681556044596, 1.4639590112754646
16, 39.0, -0.8199569345458628, 1.4400957047989498
16, 40.0, 3.636133906128106, 1.80682641308265
16, 41.0, 3.660507590855728, 1.9532124185713466
16, 42.0, 3.5812713891668695, 2.451894775463345
16, 43.0, 2.5990464075525614, 3.035251760183775
16, 44.0, 3.3621667018851076, 3.7989390605210045
16, 45.0, 3.755440314581686, 3.8508877358433518
16, 46.0, 3.1355046742811092, 3.653547649470971
16, 47.0, 0.9073717454238195, 3.87691952115532
16, 48.0, 3.96560356088908, 3.869962131906366
16, 49.0, 2.8803166990758036, 4.086478117209276
16, 50.0, 4.900358539213575, 4.047140201386284
16, 51.0, 2.895977174177765, 4.383860979040284
16, 52.0, 1.0093781554357384, 4.445829503257404
16, 53.0, 7.52342618195158, 3.949364687800352
16, 54.0, 3.668699512167686, 2.9839440204535186
16, 55.0, 2.2941265738721794, 3.1540242572339294
16, 56.0, 4.499367659111034, 2.633998770056027
16, 57.0, 1.8129254170110196, 2.965807809688993
16, 58.0, 3.8920313869731054, 4.194258077696984
16, 59.0, 2.299237099626929, 5.3091727108921045
16, 60.0, 7.273858923064399, 4.985953663535161
16, 61.0, 3.6234447194021566, 4.647275450347772
16, 62.0, 5.015468402428001, 4.524554012814477
16, 63.0, 4.073707921368202, 5.405031917863746
16, 64.0, 4.468439902520484, 5.92841675608449
16, 65.0, 6.933744314056308, 6.110666275378069
16, 66.0, 5.654918935458823, 4.847709914227709
16, 67.0, 1.6665026564049676, 5.251281057153105
16, 68.0, 1.4775892042767795, 5.178997302308428
16, 69.0, 5.2747287349203225, 5.438896760851288
16, 70.0, 4.5260219998339934, 4.897483176617658
16, 71.0, 5.699164129336703, 4.125490527219509
16, 72.0, 4.389132411472747, 3.6558600931562544
16, 73.0, 2.0780675003835976, 3.2282626059040345
16, 74.0, 4.608912468531765, 3.1648247317413447
16, 75.0, 1.1638049835260984, 2.9219307676163377
16, 76.0, 7.589300889283253, 2.7569348856003395
16, 77.0, 4.498895214056757, 3.0576577112286096
16, 78.0, 2.0687729118311156, 3.145721027829149
16, 79.0, 0.3349165164862056, 3.1482032123638226
16, 80.0, 5.422670924923384, 3.415171048431171
16, 81.0, 4.556367031701571, 3.3352554012705182
16, 82.0, 3.216374056245629, 3.7163462336219633
16, 83.0, 3.463530196458592, 3.6229666429757237
16, 84.0, 5.1062695259507755, 3.9708059669499756
16, 85.0, 3.7095276837608115, 4.523252026540226
16, 86.0, 4.024111950293129, 4.43629827442764
16, 87.0, 6.871812247239047, 4.914957289798114
16, 88.0, 4.2076264282063605, 5.360164763795396
16, 89.0, 7.90666312580578, 5.729961139320804
16, 90.0, 5.1957348202681235, 6.093985573561879
16, 91.0, 8.727074552119657, 7.054353588091383
16, 92.0, 5.4888560500026005, 7.316402739179601
16, 93.0, 9.777840879173066, 7.870188088147939
16, 94.0, 6.5147625360004975, 8.098864697822854
16, 95.0, 6.983303010493729, 8.027523057915195
16, 96.0, 6.982243418769766, 8.794178843437166
16, 97.0, 9.759206351052192, 9.186435439613645
16, 98.0, 9.974637802855584, 9.616323293144623
16, 99.0, 7.973066240525238, 9.773305994195885
11, 0.0, 7.209548772074225, 5.602620806942922
11, 1.0, 5.269883577646837, 5.195792880374805
11, 2.0, 4.703026469891997, 5.931319027703118
11, 3.0, 3.0106377892306493, 5.604723273296792
11, 4.0, 8.635787564743161, 6.073486764224348
11, 5.0, 6.089820256298127, 6.682158005548267
11, 6.0, 7.123702346058829, 6.229613959679411
11, 7.0, 8.963944794886276, 7.596248757847844
11, 8.0, 5.4477485131283725, 7.237556368926086
11, 9.0, 3.8885928286155824, 6.3223898811758
11, 10.0, 6.58512568098758, 6.533187443082221
11, 11.0, 7.704829959953869, 6.263741011599473
11, 12.0, 6.645175700398841, 6.427442095785191
11, 13.0, 6.699155632627481, 6.872418623094382
11, 14.0, 5.928878296412725, 7.213708241483651
11, 15.0, 7.643327159933248, 7.854032130221369
11, 16.0, 6.816702093901317, 7.536723246803168
11, 17.0, 7.7893832038312825, 7.6283399265572385
11, 18.0, 6.545095994226987, 6.864317447855705
11, 19.0, 6.052892524954203, 6.0725783369393405
11, 20.0, 3.0924510531762635, 5.611637995201213
11, 21.0, 5.487974006216717, 6.540893845079781
11, 22.0, 3.6456515383566144, 6.131044801647871
11, 23.0, 7.494938627271494, 6.44436752631737
11, 24.0, 8.501906155951708, 6.602196907579108
11, 25.0, 5.482797163302829, 6.449967391113901
11, 26.0, 6.009897473388321, 6.318805041267084
11, 27.0, 6.781104462392255, 6.249170977033973
11, 28.0, 7.970090779056186, 6.58167178785765
11, 29.0, 5.011402514876879, 6.4009182229780714
11, 30.0, 5.76955596145769, 6.383662192397798
11, 31.0, 7.629345054215882, 6.033928396532062
11, 32.0, 6.107336452322589, 5.2950961430806425
11, 33.0, 6.692643630945142, 5.381144350434286
11, 34.0, 3.792177800293371, 4.660165345239796
11, 35.0, 7.400890396882118, 5.768259519053051
11, 36.0, 7.715136179618513, 5.198156968325315
11, 37.0, 5.11806852638504, 4.471479254339857
11, 38.0, 3.9855048862098386, 4.474552411990396
11, 39.0, 4.62134253329206, 3.8771023503821187
11, 40.0, 3.711286077141354, 3.265115979508953
11, 41.0, 3.1841595233920916, 2.8379349537796554
11, 42.0, 2.694560880673673, 2.9298130987984927
11, 43.0, 5.356726627132263, 2.7060206693035984
11, 44.0, 3.083500836564417, 2.1962218180226944
11, 45.0, 1.6748985114886699, 2.2049372988055547
11, 46.0, 1.7424232908197577, 2.678008155368478
11, 47.0, 3.018371767023437, 2.8569143028264246
11, 48.0, 1.1508508734878715, 3.0425622682209545
11, 49.0, 2.8867157357315554, 3.000069367266808
11, 50.0, 1.0356256209201318, 2.517381138510648
11, 51.0, 2.394127104835016, 2.620184886788373
11, 52.0, 6.642978543956741, 3.779029861988242
11, 53.0, 2.5424406419546344, 3.1327481581717604
11, 54.0, 2.293729679080858, 4.141177119164166
11, 55.0, 4.812653827334736, 3.400128074895676
11, 56.0, -0.07293089845997214, 3.6986904946702452
11, 57.0, -0.7570598448115811, 3.5037420556587917
11, 58.0, 3.0706062701877657, 2.2562020153474416
11, 59.0, 4.744827012965946, 2.8458082123181994
11, 60.0, 3.83827891658615, 3.3362015689518687
11, 61.0, 5.209499012747839, 2.967821305221474
11, 62.0, 1.3766022243160467, 2.4880961615130937
11, 63.0, 1.336920713722737, 2.8729988378795834
11, 64.0, 3.0008002087098093, 2.7177750284653515
11, 65.0, 0.37640943293950624, 3.0162298467961377
11, 66.0, 4.421835554361206, 2.2607393969375233
11, 67.0, 3.4855594255117635, 2.4504532261371508
11, 68.0, 1.660635169042784, 2.0144562649457614
11, 69.0, 4.714230954085609, 1.8430369322040088
11, 70.0, 3.0926077442763127, 2.0762044786361082
11, 71.0, -0.7335776510255254, 1.2773201793062974
11, 72.0, 3.2541922091962294, 1.3050987256947228
11, 73.0, 1.095219527226722, 1.351640944458543
11, 74.0, 1.4374740732503697, 1.0297184153942998
11, 75.0, 0.018651219795522644, 1.1511012569251182
11, 76.0, 1.266347901577255, 2.1659063808888375
11, 77.0, 1.67875337029936, 1.4593663308275862
11, 78.0, 3.4990959413278917, 1.937840350282662
11, 79.0, 2.0169378998110776, 1.6660899859208247
11, 80.0, 2.1828380998460974, 2.270624120468768
11, 81.0, 5.573060313890657, 1.8025680245885738
11, 82.0, 0.9494839873855228, 1.9377821338200247
11, 83.0, 4.43041976574248, 2.213298440721526
11, 84.0, 2.1155932398106403, 2.0411373965174837
11, 85.0, -0.10093175219738271, 2.9091328780506847
11, 86.0, 2.7129705635380725, 2.735077507815979
11, 87.0, 4.96719771213468, 1.7855957290346494
11, 88.0, 2.201783006821211, 1.944051027645484
11, 89.0, 3.367835804143936, 1.881192593002284
11, 90.0, 1.4758464302808165, 2.0624037988911668
11, 91.0, -0.9505334255811726, 1.8312409233212166
11, 92.0, -0.11270304673148601, 2.433415112293914
11, 93.0, 1.2715193654337948, 2.0918288936150997
11, 94.0, 1.9929457757791988, 2.9551149548282907
11, 95.0, 2.8378634309222353, 2.6671981386480716
11, 96.0, 2.3596894281759773, 2.397679767165541
11, 97.0, 1.1348971767501266, 2.874122244763496
11, 98.0, 3.085686302985195, 2.939421314148644
11, 99.0, 0.20333112682925192, 1.5467432860972956
8, 0.0, -0.733673523891799, -1.3112926836738947
8, 1.0, -0.7698790212470508, -1.4369607674397986
8, 2.0, -4.285899413936773, -1.6440655672969675
8, 3.0, -2.4589402195714056, -2.0166273386890463
8, 4.0, -1.4399296526017684, -2.092502124324894
8, 5.0, -0.21215973585691605, -1.896359379567183
8, 6.0, -3.743953544359158, -2.3737595935649596
8, 7.0, -0.6496540451140267, -2.382004278276265
8, 8.0, -0.8335351873295898, -2.6948719545165574
8, 9.0, -1.2919195460041917, -3.1623256488808518
8, 10.0, -1.0310487374450448, -3.157511800448762
8, 11.0, -1.0010881636839981, -2.4932443969713765
8, 12.0, -7.29126512253415, -3.0051996315164375
8, 13.0, -3.0970291659029794, -2.8042116719935333
8, 14.0, 1.3474578321246113, -2.519367322758171
8, 15.0, -0.5187006836415664, -2.5703123228907487
8, 16.0, -1.0639087237020717, -3.231065349304645
8, 17.0, -4.160608596595939, -2.5324256737641275
8, 18.0, 0.038360894096386655, -2.4289668002487645
8, 19.0, -4.748436152714367, -1.8266211469121898
8, 20.0, -3.2387117649696453, -2.1644643058692354
8, 21.0, -3.809675014659065, -2.2084122255232552
8, 22.0, 1.2403930829171188, -1.8366523792634435
8, 23.0, -1.2079436709237492, -1.8795888196463255
8, 24.0, -2.926695345985869, -2.147619181323086
8, 25.0, -2.4795732125906738, -1.8660602375399309
8, 26.0, -5.66950128959604, -2.307235286362808
8, 27.0, -3.9095386267863903, -2.2641449290229
8, 28.0, 0.61718359715401, -2.081607618203471
8, 29.0, -1.76086685554549, -2.948388808274789
8, 30.0, -4.81363820451586, -3.5427444104493206
8, 31.0, 0.6617809823138323, -4.024542841178761
8, 32.0, -5.961210755286888, -4.539248172015083
8, 33.0, -5.909010252332461, -4.425665901813673
8, 34.0, -5.427586298119261, -4.170043484094324
8, 35.0, -3.2885870338430676, -4.8232306500747475
8, 36.0, -3.76719218970484, -3.2500730617161486
8, 37.0, -4.026671013880364, -2.9764695536109733
8, 38.0, -4.734603126178089, -3.2521678479392153
8, 39.0, -0.8839654122681848, -3.4984927222010476
8, 40.0, -2.621781343899041, -3.529793564190923
8, 41.0, 1.1859352111401478, -3.2231075237128257
8, 42.0, -3.461116744519902, -2.6536251884880935
8, 43.0, -2.343915776181478, -2.3877719403457642
8, 44.0, 0.7683583155751958, -2.3426278091054855
8, 45.0, -6.403809282148595, -2.5431592014417648
8, 46.0, -3.436018398457698, -3.0770495382186693
8, 47.0, -4.95914297930764, -3.372175647000055
8, 48.0, -5.267195723837051, -3.218322352500326
8, 49.0, -5.732775471267006, -3.606470132438804
8, 50.0, -4.764164854144687, -4.004781094924916
8, 51.0, -2.686004981667107, -4.166124960142386
8, 52.0, -3.307633237470589, -3.5486819885412944
8, 53.0, -5.228838743939755, -3.0068390153738753
8, 54.0, -0.27420394652775393, -2.2907418733191207
8, 55.0, -4.138056356033704, -1.5808941008503117
8, 56.0, 1.8824403209107206, -2.0691024826652673
8, 57.0, -3.836149355232271, -2.48817704717179
8, 58.0, -5.7023273721395675, -2.8496373124258976
8, 59.0, -3.6776847091331994, -3.6532560235412594
8, 60.0, -4.389650251575108, -3.6724566232365152
8, 61.0, -3.1943254932276135, -3.648754355025918
8, 62.0, -2.842077050706958, -3.521311177844111
8, 63.0, -5.77680263495003, -3.3298544416452227
8, 64.0, -5.687578663578528, -2.9357388853661277
8, 65.0, -2.584555182169105, -2.4600249047651195
8, 66.0, -0.8218467419217776, -2.986275460071485
8, 67.0, -3.7850873501211053, -2.860537402397369
8, 68.0, -0.9069022414507621, -2.8936804862627614
8, 69.0, -4.313557972121345, -3.864725065507213
8, 70.0, -1.8704628052886714, -3.111241681547861
8, 71.0, -3.8141233071279044, -2.4060441326994453
8, 72.0, -3.018467300633996, -2.3186578517231404
8, 73.0, -3.944714867143964, -3.0012647904278147
8, 74.0, -6.058779349962402, -3.6432403819051737
8, 75.0, -4.506685434587577, -3.5131445281440628
8, 76.0, -2.4631352694756083, -3.24467987272985
8, 77.0, -3.9493179951222626, -4.309500731129058
8, 78.0, -3.5454574387727606, -4.093709333967552
8, 79.0, -4.5992096696352744, -3.9308115135238766
8, 80.0, -1.9362704537908535, -3.002448037213235
8, 81.0, -4.1866795681010345, -3.0405540483219213
8, 82.0, -7.0040699882831055, -2.9306128400137776
8, 83.0, -2.9050830595913593, -2.3997323779690998
8, 84.0, -2.460552929268917, -2.4354341041135155
8, 85.0, -2.5613541948578074, -2.765531952623454
8, 86.0, -1.5039777956547202, -2.3621778041105976
8, 87.0, -3.513261914455512, -2.3753508232297706
8, 88.0, -3.930826719430823, -2.5764161764933053
8, 89.0, -1.6104940023757006, -2.718624064884158
8, 90.0, -3.8972229006162618, -3.2338826926398965
8, 91.0, -6.976077802183397, -3.4340892322041294
8, 92.0, -3.533603310248026, -3.5278417685181624
8, 93.0, -6.579047415645915, -3.4224171428579924
8, 94.0, -5.294222784372028, -3.023326863327813
8, 95.0, -1.0659013628389917, -2.1533527611625836
8, 96.0, -5.412251811444911, -2.8340918355130826
8, 97.0, -2.6755123892333805, -2.4273845304675303
8, 98.0, 0.42570156548893223, -1.8803256441192464
8, 99.0, -0.4090584099526893, -2.141074452312669
4, 0.0, 0.6512881403383217, -0.3937330672442425
4, 1.0, 0.277459878514276, -0.6325860781651516
4, 2.0, -1.8797482994906156, -1.4293394890662552
4, 3.0, -1.0232021891936258, -1.568866950610861
4, 4.0, -0.5961895688720209, -1.1282125705675572
4, 5.0, -1.0646991954728358, -0.6721233596020217
4, 6.0, -2.8395713240523768, -1.0860762486110922
4, 7.0, -1.9750241495120961, -0.7761574015850063
4, 8.0, -1.0232227421608084, -1.1646546705427765
4, 9.0, -0.7218296803434182, -1.5590372706792721
4, 10.0, -2.222774902998202, -1.670654151823121
4, 11.0, -4.736240238904963, -2.6028305412846886
4, 12.0, -5.7570464756219994, -2.826903819740836
4, 13.0, -2.6391050097073405, -3.2165040186955998
4, 14.0, -1.9499183218354577, -3.1151276268648145
4, 15.0, -2.1936206956808437, -2.6664931923485615
4, 16.0, -4.565436479198173, -3.236878921430244
4, 17.0, -0.2440813432393112, -2.9937672056230658
4, 18.0, -3.3634121420224092, -2.4531160537468564
4, 19.0, -4.259141730362426, -1.8752977249832417
4, 20.0, -1.825047926405888, -1.0794821457968449
4, 21.0, -3.9898059726959403, -0.8242860622190589
4, 22.0, -0.8667520418338475, -0.8951796616521501
4, 23.0, -0.6751195992441893, -0.7408351272232021
4, 24.0, -0.2658499927044773, -1.1638326535726815
4, 25.0, -1.2271559047618406, -0.964216796788238
4, 26.0, -1.2440389082018435, -0.2778117102636217
4, 27.0, -0.04515744572660302, 0.2869793357629884
4, 28.0, 0.04652045863704063, 0.39164781461549303
4, 29.0, 0.8519147270865015, 0.17756201424780288
4, 30.0, -2.1784369127107004, 0.4771482726960361
4, 31.0, 2.223132221659786, 0.10212340314741247
4, 32.0, 1.0836402504934024, -0.21801997337942108
4, 33.0, -2.086578331124957, 0.6455025451990506
4, 34.0, 4.887408620703048, 1.060686460827289
4, 35.0, 0.8536684503414331, 0.9831116106112615
4, 36.0, 0.9135526541500112, 1.2678167621039809
4, 37.0, 1.1717520841262519, 1.1528027381040435
4, 38.0, 1.4708147949223553, 1.0490653160378278
4, 39.0, 1.3710331233910875, 0.8721221499742302
4, 40.0, 0.7649862082358092, -0.5116003795641082
4, 41.0, -4.288439383804567, -0.6119213796360865
4, 42.0, -2.2901953246566586, -1.601751570820304
4, 43.0, 0.5091154255860948, -1.5332039082704445
4, 44.0, -2.486478027721862, -1.9027244634478184
4, 45.0, -1.9884323673488722, -1.3678282734497995
4, 46.0, -0.021291206775865712, -1.9178700451461723
4, 47.0, -0.8442545724347497, -2.5855754477754713
4, 48.0, -3.8289074746929552, -2.002415868726911
4, 49.0, -2.681138382800648, -2.0742568907842647
4, 50.0, -2.6367349664108324, -2.0410646352826087
4, 51.0, 0.8484596585259452, -1.9131940541213963
4, 52.0, -3.0176192356550566, -2.283189717633789
4, 53.0, -4.397807512685416, -2.3757456867686164
4, 54.0, -1.1996061031784495, -2.070299936836942
4, 55.0, -1.0897224032607193, -2.4333887106198198
4, 56.0, -0.7208559546227021, -1.0583610899565008
4, 57.0, -0.49383653721886134, -2.08717646921514
4, 58.0, 0.08361160563641246, -1.8819301160603072
4, 59.0, -3.4014925498742583, -1.4212043165276165
4, 60.0, -4.78900070158932, -1.122895009608363
4, 61.0, -3.7799323351788514, -0.774464147825122
4, 62.0, 0.778542542075519, -0.5805253586297678
4, 63.0, -0.0734515558205926, -1.317697000811783
4, 64.0, -0.3370528037234892, -0.9896908618843594
4, 65.0, 0.7667899350545345, -0.8562955973612433
4, 66.0, 0.5678072899824783, -0.0518954002504588
4, 67.0, -3.483439360557826, -0.5579510202267854
4, 68.0, -0.9253553152687031, -1.098234685624074
4, 69.0, 0.6802524169573374, -0.8957590630266552
4, 70.0, -0.2684344296362374, -1.0422263173631174
4, 71.0, -0.45406622213656467, -0.8336631530155004
4, 72.0, 1.247217683120842, 0.08544250042710666
4, 73.0, 0.5368665126988291, -0.765740905296913
4, 74.0, -0.9318317849777455, -1.1006921253992104
4, 75.0, -1.213823301142098, -1.1656880527924716
4, 76.0, -0.8011933071049402, -0.5196434632571236
4, 77.0, -0.4185893429462132, -0.4663453548586318
4, 78.0, 0.7749684173217077, -0.9797884086306441
4, 79.0, -1.2104210781711877, -0.43726425251364576
4, 80.0, -1.336779541793958, -1.0135259277510449
4, 81.0, -0.0782079755494125, -0.6664955157589835
4, 82.0, -1.8317591018314472, -1.0850893315867494
4, 83.0, -1.089668838342686, -1.3495780035898692
4, 84.0, -3.3655822225828955, -1.5990385105000202
4, 85.0, -2.367052454504013, -2.566499959577109
4, 86.0, -3.5806966034091148, -2.2200036231444047
4, 87.0, -0.6354162833401253, -2.7254586770457125
4, 88.0, -4.061472857722418, -2.334411418008825
4, 89.0, -6.005133959376108, -1.8170841551810244
4, 90.0, 0.5020786346892421, -2.2331110835167056
4, 91.0, -1.8443263406081307, -2.199592939242696
4, 92.0, -2.890541231687979, -2.3846701743837655
4, 93.0, -1.3339719705433875, -1.7439857856141032
4, 94.0, -0.508078208196068, -1.0565196134817212
4, 95.0, -3.5355330940651784, -1.4222722832001562
4, 96.0, -0.5928941116393613, -1.5692810713519973
4, 97.0, -4.730391756702288, -1.6368529355323818
4, 98.0, -2.679032752423186, -2.032004967117055
4, 99.0, -2.9112043533347545, -1.87132504601946
15, 0.0, -0.8419638774392899, 1.2872514379202493
15, 1.0, 2.4014964747121565, 0.5584000610457519
15, 2.0, 1.7788898438856202, 0.5742340780541382
15, 3.0, 0.4724905941650874, 0.9500578129663049
15, 4.0, 0.6748544506214298, 0.49992511680950436
15, 5.0, 0.8563342894493277, 0.5135255090352334
15, 6.0, -2.838436398793013, -0.08883586808095456
15, 7.0, -1.9867349183555556, -1.056606356796477
15, 8.0, -0.7186917812010584, -1.045685103520002
15, 9.0, 0.371346558627226, -0.4332905251397432
15, 10.0, -2.2832781900404333, 0.08008579734156407
15, 11.0, 2.1378744266331458, 0.28134945635850495
15, 12.0, 2.273619506482285, 0.9478046847851065
15, 13.0, 2.52118152384948, 0.8274054496819734
15, 14.0, 2.537930182771162, 0.42546499976178515
15, 15.0, -1.5454519140770908, 0.7201696525688654
15, 16.0, 2.477386288730558, 0.3535816157401512
15, 17.0, 3.808402233647555, -0.01373478424706659
15, 18.0, -0.7939240973626058, -0.17047482886569187
15, 19.0, -0.38477085241423725, 0.06993927979490874
15, 20.0, 0.5895778793251701, -0.1678804470063194
15, 21.0, 0.6033218848453649, -0.6072130983725165
15, 22.0, -1.7693487573923614, -1.095742953452689
15, 23.0, -2.203775837535685, -1.3403615285811799
15, 24.0, -2.8428505420857393, -1.552150409529207
15, 25.0, -0.27805832791514185, -1.0660085999109743
15, 26.0, 0.3273148202798726, -1.1079506710787224
15, 27.0, 0.4905647252505383, -0.8258364871587611
15, 28.0, -0.7005547157844674, -0.5783028439589049
15, 29.0, -0.6552198676005987, 0.48237265541859764
15, 30.0, -0.23399855966374994, -0.1688755118965476
15, 31.0, 1.7168653734194559, 0.24825626623113628
15, 32.0, -2.6278381362004355, 0.2079631848786148
15, 33.0, 0.8930291405216053, 0.31022057043739687
15, 34.0, 1.8310863089407219, 0.3449672721628216
15, 35.0, 0.3206962774836039, 0.5543104863064595
15, 36.0, -1.202728801545712, 0.36651937077691527
15, 37.0, 1.2023166231812137, -0.16337015832036889
15, 38.0, -1.2086811990968598, -1.4983540930852708
15, 39.0, -6.08174182084889, -1.9220059034477786
15, 40.0, -5.042819756890989, -1.51508171510363
15, 41.0, -1.7923671566500765, -1.5433020137816547
15, 42.0, -2.002947343447113, -0.8733471570530413
15, 43.0, -6.02708943632523, -1.8645060204602817
15, 44.0, -2.238061240467686, -1.7111405864119789
15, 45.0, -0.5315695825049622, -1.5219359556858971
15, 46.0, -1.660347007682742, -1.0679089649808868
15, 47.0, -0.6066508197669027, -1.183998957715424
15, 48.0, -2.418342715899179, -0.9129764643833633
15, 49.0, 1.3423556528392444, -1.130986986295298
15, 50.0, -0.49190491961603033, -1.6703332853427109
15, 51.0, -0.49457995245151953, -1.7693103226538152
15, 52.0, -4.714340541010062, -2.4410503994684083
15, 53.0, -1.908194173804101, -3.0913663869401904
15, 54.0, -5.457367624213128, -3.6392229298262677
15, 55.0, -5.189154437195777, -3.8725669231008713
15, 56.0, -4.635570788859191, -3.4899831456485426
15, 57.0, -4.424334035705733, -3.1651420712875487
15, 58.0, -3.9056238685731413, -2.9951718682659805
15, 59.0, -4.297819725688866, -3.3375009135566662
15, 60.0, -2.922269608979004, -3.632941928526333
15, 61.0, -5.105536386965541, -3.634528372906352
15, 62.0, -2.8853015306369105, -3.8252455069423545
15, 63.0, -5.445073629707718, -3.7872911396034534
15, 64.0, -3.5813956170057515, -3.988593483168856
15, 65.0, -3.6424817644690504, -4.461890205432275
15, 66.0, -5.21343562499006, -4.352173326240557
15, 67.0, -3.702380153445083, -3.90840348345407
15, 68.0, -3.253981699315907, -4.42496190857563
15, 69.0, -1.8733109967643902, -4.6790995374617665
15, 70.0, -6.079600887700547, -4.775816210845144
15, 71.0, -3.940043067236028, -4.987920480007049
15, 72.0, -3.2316354589329426, -4.4560034619772875
15, 73.0, -6.461587189728996, -5.209578282727797
15, 74.0, -6.519523758380785, -5.705744451476589
15, 75.0, -5.1462046377521515, -5.866266421276513
15, 76.0, -7.2522937771606175, -6.33038907944648
15, 77.0, -8.34080369539293, -7.020691909094127
15, 78.0, -6.808996732995744, -6.959295158787165
15, 79.0, -7.1533363420392035, -6.142105214996411
15, 80.0, -6.173686485696684, -6.174630784106895
15, 81.0, -6.291428260391226, -5.99857175388146
15, 82.0, -5.945193641422522, -5.4843838155507925
15, 83.0, -2.273653671081548, -4.775235725639252
15, 84.0, -5.619669909938038, -4.6758148117607625
15, 85.0, -5.406266948836513, -3.9816344707721925
15, 86.0, -5.80243654711666, -4.65012813398909
15, 87.0, -5.881478833302567, -4.835640898798111
15, 88.0, -2.9258330088225675, -4.360251652889122
15, 89.0, -8.135025710442541, -5.395841247384789
15, 90.0, -2.2924297060570527, -5.168664138025747
15, 91.0, -7.855208078029314, -5.401119177579031
15, 92.0, -4.222095629683884, -5.559705841482791
15, 93.0, -4.53602374411804, -6.416285306321741
15, 94.0, -5.74954815862149, -5.675135882839038
15, 95.0, -3.771841937442642, -5.238411356863941
15, 96.0, -7.0280546376933, -4.855298872676846
15, 97.0, -4.967105128603324, -3.9031423468073116
15, 98.0, -5.536931413165097, -4.054720541503246
15, 99.0, -4.850877475560248, -4.250425109519527