1, 0.0, -4.673252869157384, -2.1616861514841994
1, 1.0, -3.5458224726912255, -3.247499329546274
1, 2.0, -3.043189902481319, -3.4147130544817603
1, 3.0, -5.46292490173626, -3.9808308354373696
1, 4.0, -1.8189707938333306, -3.1496941424367195
1, 5.0, 1.118546369404031, -1.2528405943474656
1, 6.0, -1.5896147063629131, -2.9955582129172713
1, 7.0, -3.9111007138790947, -2.629561404660897
1, 8.0, -6.154139987330139, -3.056010027913277
1, 9.0, -2.5126716119111663, -2.836567271164952
1, 10.0, -2.693694020092021, -3.5765909872750723
1, 11.0, -4.807566700301614, -2.7423335185341786
1, 12.0, -1.5456287234784611, -2.7025741907311565
1, 13.0, 0.8664732580041015, -0.5180175373892006
1, 14.0, -2.3609091544588963, -0.9235559666790556
1, 15.0, 0.4140921691597108, -0.7606871497716086
1, 16.0, -0.5965522146555355, -1.5256094044250585
1, 17.0, -1.5708308087503953, -1.8023386636649201
1, 18.0, -2.453990709241842, -2.2455197929374875
1, 19.0, -5.4479841713105825, -3.1510612841162278
1, 20.0, -0.19540244442475574, -2.4027852599811825
1, 21.0, -0.7071372478816785, -1.498411887859031
1, 22.0, -1.192161721522659, -2.220714178650868
1, 23.0, -3.5510582560660655, -3.1398235480124317
1, 24.0, -3.400972870572689, -3.3941250985411555
1, 25.0, -4.663290720973874, -3.5462500225903426
1, 26.0, -1.1776202214856184, -3.486174724773463
1, 27.0, -2.5438787530291798, -3.615821389797929
1, 28.0, -1.2573673781338504, -3.3890881438315006
1, 29.0, -3.9855003643499143, -3.1243392981638776
1, 30.0, -4.34712010391484, -3.4666511148795442
1, 31.0, -0.7725236898827879, -3.3486777087307797
1, 32.0, -5.831325798153262, -4.127012367202352
1, 33.0, -2.9634427013468843, -3.4749871051351855
1, 34.0, -7.317406904598527, -3.2242935299064017
1, 35.0, -5.245630772112278, -3.380598497460182
1, 36.0, -2.4546262991804717, -3.1734076204137724
1, 37.0, -4.859443295691302, -3.0161718654868483
1, 38.0, -1.5556318831829425, -3.167149833444817
1, 39.0, -1.1621218476123865, -1.7285434864889304
1, 40.0, 0.053876735627825356, -1.1155824037916817
1, 41.0, 0.36680865511307703, -0.5390029248657626
1, 42.0, -4.028600799703275, -0.2722002206083229
1, 43.0, -2.4060497285069147, -0.7320245674750847
1, 44.0, -1.9844524023640413, -1.3437875679844709
1, 45.0, -0.4614774575481221, -1.1795951392439072
1, 46.0, -1.4480825683546865, -0.9083963692369658
1, 47.0, 2.440655151641017, 0.46666472650628144
1, 48.0, 0.07679320859524075, -1.4252113359597391
1, 49.0, -0.7944644397511309, -0.6255979534893109
1, 50.0, -2.4484172874959205, -0.6714277255820322
1, 51.0, -0.11114249163664736, 0.14884859317480048
1, 52.0, 2.120431072701212, -0.4968209874345846
1, 53.0, -0.6022121758877098, -0.2086153128119192
1, 54.0, -2.5484676370091175, 0.40426510525750475
1, 55.0, 0.053068242942599264, 1.2789071294069676
1, 56.0, 1.7057717606762282, 0.5094424328057955
1, 57.0, 1.6624244947440086, 0.5061596255313273
1, 58.0, -0.8707713312144976, -0.028605233118575213
1, 59.0, 0.19655561109391173, 0.9546474603887722
1, 60.0, 1.9585120463206964, 2.1816058559320597
1, 61.0, 2.6328899268198773, 2.5777733401543212
1, 62.0, 5.281148678054201, 2.8418867854390113
1, 63.0, 4.778300079877851, 4.337242524496981
1, 64.0, 7.039779847025403, 4.458789360685889
1, 65.0, 6.074654247495449, 4.405128661839599
1, 66.0, 3.8497204327988186, 4.975520535717762
1, 67.0, 5.618545133855615, 5.97079533495557
1, 68.0, 5.271689030029366, 7.067387206130354
1, 69.0, 7.953392870304287, 7.099727537321962
1, 70.0, 6.832190392846587, 7.795894627874588
1, 71.0, 10.231265617411488, 8.528589512325304
1, 72.0, 10.486321910036406, 9.416716638472156
1, 73.0, 10.422313283038687, 8.741803372017188
1, 74.0, 10.190937926757885, 8.85784163696361
1, 75.0, 6.746237169228573, 7.924330956865894
1, 76.0, 6.119700104180298, 8.128996847017724
1, 77.0, 7.171882718371773, 8.783655506303587
1, 78.0, 8.148204801908719, 8.181944946538897
1, 79.0, 8.86717543604039, 8.865048063448699
1, 80.0, 8.626000268055613, 8.480599243456972
1, 81.0, 7.092827829710864, 7.748478837913917
1, 82.0, 9.425285845043266, 8.704530554848294
1, 83.0, 7.90710711687838, 9.782623236198605
1, 84.0, 10.63637792113313, 9.146240491398618
1, 85.0, 10.457750916512799, 9.58386226690734
1, 86.0, 9.197259865805673, 10.441407525406628
1, 87.0, 9.022392958826005, 10.571124483503251
1, 88.0, 10.678586303174043, 10.30970950871104
1, 89.0, 9.411406133734449, 9.765219173597952
1, 90.0, 10.11163740559212, 10.770945123870087
1, 91.0, 10.36703974800974, 10.95195865092637
1, 92.0, 7.973973903516063, 11.145889657578392
1, 93.0, 15.369290655059427, 11.844901391172852
1, 94.0, 9.875324084772354, 12.177414856650154
1, 95.0, 12.294981203620615, 12.398336363702912
1, 96.0, 12.144825610740028, 11.676473900537829
1, 97.0, 10.212966791190835, 11.689106050696546
1, 98.0, 12.669323097466796, 12.4630682628257
1, 99.0, 7.60659669162522, 11.709843025098024
2, 0.0, -0.0514131732741725, 1.154887276064378
2, 1.0, 0.45644568116970297, -0.10205048651091841
2, 2.0, -0.3049483049619397, 1.0762589224042007
2, 3.0, -0.34855945023957646, 0.004263745330938207
2, 4.0, 1.385268376165757, 0.0737000712452069
2, 5.0, 0.8674099661007182, 0.5643859414219824
2, 6.0, -1.4572609193082136, 0.8756110106876929
2, 7.0, -0.9688889115306796, 1.2870047649515488
2, 8.0, -0.3606947363810993, 2.1057475211893038
2, 9.0, 4.547076962852106, 1.2810837962458304
2, 10.0, 2.4779081523454285, 0.571851124797229
2, 11.0, 1.008150576009872, 1.4410688807237797
2, 12.0, -0.21356115019764843, 1.7899478738404668
2, 13.0, 1.0417700628792508, 1.0904991858795703
2, 14.0, -3.6499068234259178, 0.14472931243686815
2, 15.0, -0.5577024234059089, -0.064581921163013
2, 16.0, 2.4836145826357368, 0.5869954957331899
2, 17.0, 1.4093222149646587, 1.175222185064174
2, 18.0, -0.2365105113192315, 0.614632029945515
2, 19.0, 2.054306400050154, 0.5110874730121456
2, 20.0, -2.2095309545380033, 0.7651680427981307
2, 21.0, 1.8037973176134807, 1.202569037494173
2, 22.0, 1.8209692162625075, 1.8926587956449001
2, 23.0, 0.3067450338162483, 1.1701799436676938
2, 24.0, 1.9828447282544768, 1.6649465622983333
2, 25.0, 4.580511989135282, 2.095476998619468
2, 26.0, 4.370018657663181, 2.111006982209979
2, 27.0, -0.9091929865701271, 1.940379065241409
2, 28.0, 2.6719371336132265, 1.7353104913636326
2, 29.0, 2.1436534505074074, 2.1241191742204744
2, 30.0, 4.249728070145282, 2.6502918474078947
2, 31.0, 0.5754270525130303, 2.277838443711345
2, 32.0, 3.2803389218203978, 2.9355045469640304
2, 33.0, 1.5891403548773801, 2.981955759883611
2, 34.0, 2.6086521484830594, 3.466579694598766
2, 35.0, 3.7930169776578517, 4.0060815347777154
2, 36.0, 5.35208027541534, 3.280626353026426
2, 37.0, 5.425731197451608, 2.7067242965602683
2, 38.0, 2.5288221363049956, 3.28771952613999
2, 39.0, 1.0770648528937732, 1.5027420151372064
2, 40.0, 4.4600365248421525, 1.2125896569579095
2, 41.0, 4.059246548505184, 1.4345092281512488
2, 42.0, 0.25301551528965466, 0.5916578063436111
2, 43.0, 2.4209611268144284, -0.7183750729515419
2, 44.0, -2.292366868695145, 0.05223588111636479
2, 45.0, -0.09235434887379923, 1.2652517043491953
2, 46.0, 1.0139180026409327, 1.898354890028393
2, 47.0, -0.5930241463175987, 2.5220275284398985
2, 48.0, 2.516777875743504, 1.8708852948690462
2, 49.0, 0.5159216515079501, 1.955501348025097
2, 50.0, 1.4588062291937134, 1.774719081235864
2, 51.0, 2.4148034490467234, 1.784161731681779
2, 52.0, 2.3074825821770246, 2.067925304255333
2, 53.0, 1.6971611951713472, 2.2795007564329093
2, 54.0, 4.296595838710978, 2.444434701817866
2, 55.0, 1.6406318196253298, 2.7454718479778304
2, 56.0, 2.503942702451445, 0.31098426437720494
2, 57.0, 1.0535883962956367, 0.35262918949885247
2, 58.0, 1.0773374171756496, 0.5737569266991835
2, 59.0, -0.17040238955047066, 0.38193805763304484
2, 60.0, -1.7551626987348279, 0.03246145313704085
2, 61.0, 0.5487662661663515, -0.21641882558602626
2, 62.0, -0.45243921528399883, -0.396324759802257
2, 63.0, -1.4700637395731757, -1.3443154791816925
2, 64.0, -2.7412799382575535, -1.4924356091894189
2, 65.0, -1.7384725620919292, -2.146504798149199
2, 66.0, -1.4571345736654833, -2.2164409341961986
2, 67.0, -3.2515958664033517, -3.264327614900772
2, 68.0, -3.8787504722661477, -2.8488439148676306
2, 69.0, -0.7694341566711991, -2.8009784658175945
2, 70.0, -4.075078720092425, -3.6892157312645626
2, 71.0, -2.8219359906430537, -2.988245251719462
2, 72.0, -3.1418798697919645, -3.7631973434297805
2, 73.0, -2.896795955723708, -3.8406994834862496
2, 74.0, -4.4201767311061175, -2.439073684735903
2, 75.0, -0.5182146896030526, -2.0951795534927404
2, 76.0, -3.6800091237513013, -1.6802780053041544
2, 77.0, -3.206188142424628, -1.1359281218140747
2, 78.0, -1.3635372150860947, -1.2407468283142373
2, 79.0, 0.4241243029823991, -1.656554137684647
2, 80.0, -1.3890621400980632, -2.4515566215134474
2, 81.0, -2.71906616186084, -1.7810183189347941
2, 82.0, -1.8948355844960219, -2.3356434618241115
2, 83.0, 0.5452186563556443, -3.098882233379615
2, 84.0, -3.1126755441476144, -3.5695014412488226
2, 85.0, -4.428980188967801, -3.6417518519283503
2, 86.0, -3.174397883282389, -4.15128808602973
2, 87.0, 1.267507219904445, -2.5910639398493966
2, 88.0, -4.223031554766543, -3.29629156913929
2, 89.0, -2.887269525098945, -4.4743647683085594
2, 90.0, -3.9975942377390865, -2.7919792437571864
2, 91.0, -3.6542194361117892, -2.1464576749053665
2, 92.0, -4.417521295121748, -1.799093462836501
2, 93.0, -0.3821012150982783, -2.547986455393247
2, 94.0, -0.2808807785677918, -0.8153267996516325
2, 95.0, 2.5113551654729522, -0.993584089819266
2, 96.0, -1.9828270834093846, -1.6949878572418613
2, 97.0, -1.7932811962620947, -1.5193553047427621
2, 98.0, -2.3302260949885842, -2.3311241097253124
2, 99.0, -3.1594785924049655, -3.628115638456459
3, 0.0, -1.2883829264587146, 0.04155808933529925
3, 1.0, 0.45300991055946194, 0.7145290891468864
3, 2.0, 1.7723376390033359, 0.6824204778228004
3, 3.0, 1.539071237473884, 0.14878872625152473
3, 4.0, -0.031621992874476895, -0.06261544414808734
3, 5.0, -1.973468411955443, -0.7706803618263944
3, 6.0, -0.6552083416582609, 0.19014191141142023
3, 7.0, 0.4159202770839287, 0.24530560958598305
3, 8.0, 0.5340421634497945, 1.379726191160682
3, 9.0, 0.7746222915594198, 0.8022641169156671
3, 10.0, 0.30445497395880045, 0.01767015846991682
3, 11.0, 2.208325163545921, 0.8025169406317608
3, 12.0, -0.08883878009728652, 0.45129488140769725
3, 13.0, -0.8402416740389411, 0.14213058974601167
3, 14.0, -0.5477390245774245, -0.10012872421346133
3, 15.0, -0.7096479385475329, -0.09129934520297932
3, 16.0, -0.8491655428772344, -0.2864063292148558
3, 17.0, 1.5719331241493535, 1.0151458382616165
3, 18.0, -0.09734534178265908, 0.25466746381053584
3, 19.0, 0.6995224933536002, 1.4783832368442158
3, 20.0, 0.25904449114402395, 1.306445699652682
3, 21.0, 0.9354274246699438, 1.7888685316070596
3, 22.0, 0.0947195428055485, 2.172479018831692
3, 23.0, 1.7787386625321782, 1.9869642407318926
3, 24.0, -1.602886959581721, 3.149606303939269
3, 25.0, 2.700377037929092, 2.056884226725158
3, 26.0, 0.6792259292586962, 1.1213798911635902
3, 27.0, -0.43373365518775997, 0.6598689531683304
3, 28.0, -2.800776142806439, 0.4138065222666961
3, 29.0, -3.334865994617634, -0.1387839711678387
3, 30.0, 3.283209354738493, 0.44486777492279805
3, 31.0, 0.6770411275402145, 0.5856085453382618
3, 32.0, 0.12883521233159562, 0.15718533974662047
3, 33.0, 2.924635598505598, 0.3582746447296308
3, 34.0, -0.693366191572063, 0.1251233646928809
3, 35.0, -0.04362775486378906, -0.29848516198340436
3, 36.0, 1.6973030185849238, -0.32070821542944133
3, 37.0, 2.112141260445423, -0.5653621721808526
3, 38.0, -2.3182427138827633, -1.399913875761795
3, 39.0, -1.1906191885022515, -1.6270541286431133
3, 40.0, -0.5377046799599214, -2.0338223275307663
3, 41.0, 1.2327755981137591, -2.2490186286972196
3, 42.0, -4.501714607057976, -2.2511323343684952
3, 43.0, -2.7224836816403455, -1.9021841148227991
3, 44.0, -1.5000812837466848, -0.8588951139804892
3, 45.0, 1.231898612830669, -0.9710796629430033
3, 46.0, -1.2212989092157753, -0.5018366291467041
3, 47.0, 0.024273676613731338, -0.02700025318576077
3, 48.0, 0.2913656419920051, 0.11127433407040704
3, 49.0, 0.4635908887549292, 0.7645857733604922
3, 50.0, 3.2781302789841265, 1.3717107753142919
3, 51.0, 0.028460676595705947, 0.7700674394965163
3, 52.0, -0.04812191417309353, 0.8863210465142908
3, 53.0, -3.0955985432936357, 1.3779359934558941
3, 54.0, 2.7315906602699984, 1.6904544600837739
3, 55.0, -2.811252062441783, 1.775088017056915
3, 56.0, 0.2582578409087879, 1.8521786922318013
3, 57.0, 2.2968408974386016, 1.719822646156025
3, 58.0, 1.7213418667198128, 2.5237974313868534
3, 59.0, 3.5875170521061115, 3.68991008636406
3, 60.0, 3.68346041245963, 4.570614098473406
3, 61.0, 3.6797658524332384, 4.646527228680898
3, 62.0, 8.702021790239574, 4.249837781252091
3, 63.0, 4.798359085420505, 4.13858747051303
3, 64.0, 3.8202393788812765, 5.572594976053474
3, 65.0, 5.215591043704222, 4.893830435188388
3, 66.0, 5.700664372165119, 4.209748653380235
3, 67.0, 8.287196783603644, 3.3207979409673403
3, 68.0, 5.091397430248464, 3.507443605566593
3, 69.0, 3.03385194965172, 2.0964489558123054
3, 70.0, -0.0323585459680773, 1.3793208577713991
3, 71.0, 2.8662626625232637, 1.5388736169459816
3, 72.0, 3.3741231520611947, 2.364763239620252
3, 73.0, 0.9066240026330259, 1.1692591038064726
3, 74.0, 2.2662744151530965, 1.8077222344530892
3, 75.0, 3.36796054522946, 0.7157714983283712
3, 76.0, 1.8424602015401792, 0.5556186308042866
3, 77.0, 0.3561281165008201, -0.12263946218660671
3, 78.0, -0.713345876185596, -0.06016273830573056
3, 79.0, -1.7819149085927135, -0.8059760080215207
3, 80.0, 0.6768230110448672, -0.6449549679438653
3, 81.0, -1.4153954703332863, -0.41949703715715675
3, 82.0, -3.5236075640727127, -1.0864318814549083
3, 83.0, 0.46726784000342303, 0.2879146336957974
3, 84.0, 0.8982131506517207, 0.47857993687578815
3, 85.0, -2.5061317696038055, 0.4923977083290227
3, 86.0, -0.8328092621627974, 0.07735094891046257
3, 87.0, -0.171365477013818, 1.5913205781183928
3, 88.0, 1.825433891849224, 1.7379443520042386
3, 89.0, 3.220506096979258, 1.6812560132210546
3, 90.0, 2.7641926951332576, 2.594206124665484
3, 91.0, 2.1097597321162778, 1.2401938286134762
3, 92.0, 3.112728802805255, 2.169479817088642
3, 93.0, 1.9348430583833167, 2.0992034971007687
3, 94.0, 1.5949650966914204, 1.1049635239900844
3, 95.0, 2.073832568963287, 1.7498526344266498
3, 96.0, 1.1739665161029833, 2.2286104631675276
3, 97.0, 1.5594978711970224, 1.9811418637271971
3, 98.0, 3.0038498427297644, 3.3185355903971328
3, 99.0, 4.145486779150309, 3.9864356528919034
4, 0.0, 1.873738330993787, 1.0897326696411007
4, 1.0, -1.232077506648262, -0.2830088694088133
4, 2.0, -0.8047754896855197, -1.0644173113481825
4, 3.0, 1.2159534185986647, -1.044631699086071
4, 4.0, 0.7831466455639866, 0.20344909987695314
4, 5.0, -4.340679681523761, -0.7722546315371616
4, 6.0, 0.5452508719879019, -0.9431128537182916
4, 7.0, -1.190138409897849, -1.4304956763249506
4, 8.0, -2.5599100859565684, -2.0851637667327334
4, 9.0, -2.665322980491454, -1.0949067093473845
4, 10.0, 0.6272865911079347, -0.13195919825036972
4, 11.0, 1.0310497541954429, -0.10562770346198266
4, 12.0, 2.1068930873786096, -0.18588346490028634
4, 13.0, 0.37830273134416315, 0.7302828949043618
4, 14.0, 0.41078936436089386, 0.6251151126607851
4, 15.0, 0.3092555016035754, -1.0870728064855233
4, 16.0, -1.4082374179882464, -0.4191901560919984
4, 17.0, 0.008370470842248734, -0.8011420103443512
4, 18.0, -3.3401728774998856, -1.1459718108605883
4, 19.0, -1.5183007723121937, -1.6945884628539856
4, 20.0, -2.3287504752245876, -2.6386741159270253
4, 21.0, 0.10445429335965217, -2.031422115056216
4, 22.0, -3.440237381365442, -2.8223320916036796
4, 23.0, -6.473476755513221, -3.3469316150787183
4, 24.0, -2.7425731200920875, -3.527411529308682
4, 25.0, -3.8806864602423157, -3.7437990008901187
4, 26.0, -2.127882610718016, -3.2418891779574803
4, 27.0, -3.7900263143562793, -2.9125879937385393
4, 28.0, -2.7034247045113484, -2.3585566549030985
4, 29.0, -3.3255558251378967, -2.2790879438974088
4, 30.0, -3.315072975108337, -2.937141010293373
4, 31.0, -6.474949482924602, -3.8199664277449084
4, 32.0, -2.487272906999249, -4.001957617724697
4, 33.0, -3.8027583731609584, -3.7233685949215922
4, 34.0, -3.595462433139474, -4.8477379960406655
4, 35.0, -3.3599591924059684, -4.53069808417538
4, 36.0, -5.244178936693231, -5.562341219569376
4, 37.0, -3.217982510706002, -5.136441257328696
4, 38.0, -6.339613920079925, -5.392506008033401
4, 39.0, -2.2921909971778116, -4.547579388547001
4, 40.0, -11.590482403498275, -5.177926246358523
4, 41.0, -4.545612025366456, -5.63568706530514
4, 42.0, -3.3575087428678985, -5.388350115758079
4, 43.0, -6.250383432166311, -5.885627382112373
4, 44.0, -4.126911920397311, -5.963258467474628
4, 45.0, -2.448527581144526, -6.092297685331057
4, 46.0, -4.375168875343368, -5.300868358991528
4, 47.0, -11.302074354824983, -7.128409650704297
4, 48.0, -4.342344483308932, -7.027544050697167
4, 49.0, -8.783716883915366, -7.047985323942533
4, 50.0, -7.108052512740383, -7.133769595149272
4, 51.0, -9.380050212112439, -8.045596820257268
4, 52.0, -8.647676507239758, -8.317318620004112
4, 53.0, -12.781497236776222, -9.599926936887867
4, 54.0, -11.454234269783262, -9.527044554514784
4, 55.0, -12.784452410286534, -10.647250592797327
4, 56.0, -8.297233813009155, -10.205180610156798
4, 57.0, -12.678345083936518, -10.830074876302264
4, 58.0, -8.241106016498746, -9.773786479508415
4, 59.0, -6.268400590356952, -9.176819977936814
4, 60.0, -9.594010131399289, -8.876838649963062
4, 61.0, -12.444801169343798, -8.535969080212178
4, 62.0, -10.686127463135783, -9.101421603975021
4, 63.0, -8.233373839095357, -8.367233914172147
4, 64.0, -9.676232057245084, -8.710966249696428
4, 65.0, -8.35143194260987, -8.84199275682965
4, 66.0, -15.324719651326564, -9.452413067194252
4, 67.0, -10.251412144612134, -9.730723154757483
4, 68.0, -7.759287267940497, -8.816013489001755
4, 69.0, -10.095604533583295, -8.68347065772518
4, 70.0, -8.07977424179696, -9.488055290326947
4, 71.0, -8.78830225692498, -9.148333846740442
4, 72.0, -7.227934379604912, -9.87529832838794
4, 73.0, -8.897655479600928, -9.402286305444004
4, 74.0, -7.452142488810758, -9.342303880316386
4, 75.0, -7.20765672822543, -9.588264199872201
4, 76.0, -11.161149729745764, -9.862674666187889
4, 77.0, -11.21168610534769, -8.888832458764972
4, 78.0, -8.604761825410627, -8.01557444126787
4, 79.0, -7.7233663107717, -7.913441595987472
4, 80.0, -8.376084506868503, -7.962155072793893
4, 81.0, -8.297321576363565, -8.536364039441612
4, 82.0, -8.345476758258423, -7.787798978762462
4, 83.0, -9.405907863366117, -9.006144390276532
4, 84.0, -8.523669737267078, -8.227156406225054
4, 85.0, -10.583443640321153, -8.364444658594476
4, 86.0, -7.5350660803978595, -9.183145604678726
4, 87.0, -11.07196949262825, -9.293994822405582
4, 88.0, -10.026173972111007, -10.544039939882394
4, 89.0, -11.113007680166392, -9.410078355728011
4, 90.0, -7.60152290277428, -8.771173241550075
4, 91.0, -7.398077461571034, -8.68762038377487
4, 92.0, -4.942639098689884, -7.013632342869142
4, 93.0, -7.987992094623838, -6.632671639267248
4, 94.0, -5.439235288750144, -5.470720238910099
4, 95.0, -7.250721409931913, -4.904619056144446
4, 96.0, -0.5303652550040692, -3.576326014817768
4, 97.0, -2.6754844305057794, -3.613628400685478
4, 98.0, -3.7391812372597166, -3.748468439659138
4, 99.0, -3.612330270545571, -3.3422364753026392
5, 0.0, 3.4656252336004427, 3.580023620860408
5, 1.0, 5.903534537629536, 3.7620731092858146
5, 2.0, 5.950416419433296, 3.8780385014867074
5, 3.0, 0.5785434131979774, 3.1643534447443367
5, 4.0, 2.3392574225557468, 2.4865232549190264
5, 5.0, 3.4012998688856078, 1.96766075190557
5, 6.0, 0.7805286034955549, 0.7106816796459678
5, 7.0, 0.2864857606831508, 0.4798426068212578
5, 8.0, 1.9204655663541752, -0.26265699937978704
5, 9.0, 2.0682240196198136, 0.5262286217148838
5, 10.0, 2.305430572562809, 1.1823080924589715
5, 11.0, 1.3421703272334864, 2.1476037298860486
5, 12.0, 2.3389781376410674, 1.544567705611683
5, 13.0, 2.048304103908988, 1.535783169776354
5, 14.0, 3.0640388832030894, 0.873475072667238
5, 15.0, -0.987475753135031, 0.002221918938946743
5, 16.0, 1.8476155813641495, 0.8646245379482049
5, 17.0, -2.898476560930847, 0.3972007611508267
5, 18.0, -3.1322616155842313, -1.0689488541437955
5, 19.0, -2.487685513389735, -1.5566079824109758
5, 20.0, -0.7444778201952295, -1.6129065186475633
5, 21.0, -2.1352067279097673, -2.724047092385526
5, 22.0, -4.366800871352189, -3.9103099073175973
5, 23.0, -5.711419367154347, -4.206440945101476
5, 24.0, -5.668605384776371, -3.9546945567039478
5, 25.0, -5.938214776027798, -4.6355269497678355
5, 26.0, -4.924321542240931, -4.598049759316496
5, 27.0, -7.300452298280456, -3.8016993559109267
5, 28.0, -4.389034479369477, -3.891494304935505
5, 29.0, -3.3393200355030723, -4.090335784458173
5, 30.0, -5.479618717291656, -4.02913219119221
5, 31.0, -5.061803125472383, -5.2907704156914654
5, 32.0, -5.013453850904716, -5.726641407609567
5, 33.0, -4.0565299166952435, -6.240409432725459
5, 34.0, -4.6161299044097195, -6.868647601280523
5, 35.0, -4.739467906607415, -6.344520422829541
5, 36.0, -5.428140263792683, -5.702403156200491
5, 37.0, -7.334904672316792, -5.11275793859881
5, 38.0, -7.927504320936851, -4.650293788901603
5, 39.0, -6.434602185289776, -4.4263223840692385
5, 40.0, -3.8030708492876917, -4.7037391992819115
5, 41.0, -4.555221904099023, -5.07223188787419
5, 42.0, -1.3117670865312503, -4.625596073766753
5, 43.0, -1.6107332693921133, -3.9003239378756387
5, 44.0, -4.570127407371537, -4.195975305738536
5, 45.0, -2.122578239028547, -4.052765633811523
5, 46.0, -6.581851670025687, -4.44283292823522
5, 47.0, -5.227833445008805, -4.265817927984738
5, 48.0, -5.191998276666068, -5.238037911010741
5, 49.0, -6.205676817158629, -4.91616639457434
5, 50.0, -9.07962679078398, -5.287764313595446
5, 51.0, -1.2630597833112756, -5.349340549451108
5, 52.0, -8.065156216019815, -6.3532429338829495
5, 53.0, -9.370923513107812, -4.949606367963092
5, 54.0, -4.05231777405795, -3.9057490187478074
5, 55.0, -4.65050670572538, -4.1700929086253185
5, 56.0, -3.4316610188091605, -5.3778810047609
5, 57.0, -6.515684035009131, -5.067593937090495
5, 58.0, -4.132172135811175, -5.337247122340503
5, 59.0, -3.9954338929104276, -5.472322762070338
5, 60.0, -2.8201927036391545, -5.307392837210115
5, 61.0, -4.572369021968008, -5.185936353888481
5, 62.0, -8.34184287111883, -5.66167359495056
5, 63.0, -8.04628485752024, -6.45150960206126
5, 64.0, -6.213309419472109, -6.699186448632271
5, 65.0, -6.870438484199051, -6.968938394952431
5, 66.0, -2.7330728708953322, -5.196946129702884
5, 67.0, -4.747771206060298, -5.011244225518672
5, 68.0, -3.1520521257028036, -6.350386960349642
5, 69.0, -6.85870716703389, -6.5908152570021254
5, 70.0, -7.884943955092871, -6.4293042825610724
5, 71.0, -6.718611488320193, -6.968515917634775
5, 72.0, -5.6151248999407954, -7.0527738890073834
5, 73.0, -7.632841509718226, -7.798705340672275
5, 74.0, -6.896830801655426, -8.1351084398839
5, 75.0, -6.938493685266944, -7.6085846693516945
5, 76.0, -5.51393731384206, -7.781026841530811
5, 77.0, -5.530506238917317, -7.93520046093643
5, 78.0, -6.85995298775957, -7.991964408713172
5, 79.0, -8.97203297102729, -7.573755192199144
5, 80.0, -5.681976487763235, -7.64281931276134
5, 81.0, -6.869416444550366, -8.433907276363017
5, 82.0, -7.171949832443901, -8.564786719253886
5, 83.0, -9.268836407761968, -8.554660889853201
5, 84.0, -6.866714334400814, -7.625047297046748
5, 85.0, -7.64827199828748, -6.965535286924867
5, 86.0, -6.390378905507974, -6.35422401961659
5, 87.0, -5.926166851029962, -6.802141514647665
5, 88.0, -6.208413562405532, -6.984282509733939
5, 89.0, -4.429182694376292, -6.545516900912758
5, 90.0, -10.123645352326545, -6.982724146167474
5, 91.0, -8.02657483489638, -5.433346262579052
5, 92.0, -5.337378746523461, -6.001318318405611
5, 93.0, -5.631900025437017, -5.875329625207618
5, 94.0, -6.248892168916705, -5.592944060801825
5, 95.0, -6.244922002367558, -5.998157577834704
5, 96.0, -9.753527900831582, -5.354917734716237
5, 97.0, -5.430251987803248, -4.902715145666589
5, 98.0, -2.443559885879543, -4.689236071569869
5, 99.0, -5.46325212203303, -3.937459075416186
6, 0.0, -5.210036000164715, -4.777107307844056
6, 1.0, -6.046752558071187, -5.209377417519387
6, 2.0, -6.790149444477798, -4.784387413751796
6, 3.0, -3.4451986953533122, -4.43893426048907
6, 4.0, -1.7102348763710453, -3.8581739985027887
6, 5.0, -1.646340131248802, -4.147358975721535
6, 6.0, -0.09275336338777107, -3.5146697584778765
6, 7.0, -3.048539435264401, -3.0709696049909376
6, 8.0, -2.9611791161662793, -2.9206149189416513
6, 9.0, -5.143504953839658, -3.4173980138698394
6, 10.0, -5.4634455960596595, -4.437608257614121
6, 11.0, -5.73874197977481, -4.574879943207795
6, 12.0, -1.3659068483805186, -4.416923405024397
6, 13.0, -3.1999792225309234, -3.5760471264440197
6, 14.0, -4.129724991901478, -2.8495819411561074
6, 15.0, -0.020580702220514446, -2.797780234597168
6, 16.0, -2.7935025750249127, -2.429345879285882
6, 17.0, -2.9157655591373115, -2.5181778797365046
6, 18.0, -0.17846080666584374, -2.684638529382782
6, 19.0, -2.646264746325375, -2.9587244152994483
6, 20.0, -0.39333422568314147, -0.7967975103817615
6, 21.0, -1.6252818743888486, 0.1267487028301908
6, 22.0, 0.41520401823793346, 0.8657487189896865
6, 23.0, 1.3365443335685625, 2.2258197443127345
6, 24.0, 1.6475172845796924, 2.533392917927395
6, 25.0, 4.442067633171356, 2.3236170280202257
6, 26.0, 5.430009994763265, 2.774664220055505
6, 27.0, 0.6000939010682216, 2.114606123794794
6, 28.0, 1.5476544923069615, 1.801323231313325
6, 29.0, 2.0364194095240467, 2.173655389304808
6, 30.0, 1.0425757947995233, 2.068695986709574
6, 31.0, -0.7005969331466257, 1.9748188495096768
6, 32.0, 2.378026046203715, 2.4432199886659225
6, 33.0, 1.501947490085303, 1.976307402478506
6, 34.0, 2.1214817538698516, 1.6329383088627916
6, 35.0, -0.5511551404293047, 1.5727604094161025
6, 36.0, 2.625059098216389, 0.43900438315354195
6, 37.0, -1.4805707113993478, -0.04437667367264314
6, 38.0, -1.0190799609700438, -0.8256647232292733
6, 39.0, -0.5013560475124412, 0.015851904716596033
6, 40.0, -0.43428574927529484, -0.5200523232879875
6, 41.0, -2.1178515012981487, -0.5215198785040962
6, 42.0, -1.1794198934992415, -0.45076780293885343
6, 43.0, -1.6314017296306624, -1.7909909433777362
6, 44.0, -1.3933678781373138, -2.630262151800894
6, 45.0, -2.4177637169520536, -1.8356449186413295
6, 46.0, -3.9052067202694074, -2.392635516530754
6, 47.0, -4.7811477197217425, -2.157734930532105
6, 48.0, -2.5227359619331122, -1.7073208572288199
6, 49.0, -4.061837618198774, -2.0681800803608352
6, 50.0, -2.779701598890497, -2.3053295859578697
6, 51.0, -2.0459470264551873, -3.1332265246423683
6, 52.0, -4.137353044650288, -3.7417137003404357
6, 53.0, -4.419387671946166, -4.550489034818372
6, 54.0, -2.1512198339742916, -4.185370685133944
6, 55.0, -5.521827230544564, -3.5333822802700734
6, 56.0, -5.472351431455893, -3.708993275631879
6, 57.0, -4.215972490392624, -3.515640537553681
6, 58.0, -2.5090665698557535, -3.3913818277087993
6, 59.0, -3.066354287243306, -3.6131348002691497
6, 60.0, -3.396359604818015, -3.94597555301159
6, 61.0, -6.558459388385938, -4.681616228351773
6, 62.0, -5.762389385225673, -3.9738284716894814
6, 63.0, -0.3836431339682629, -3.8707451572789724
6, 64.0, -6.130698326656473, -5.133146300075051
6, 65.0, -6.70987633371222, -3.7367884906269317
6, 66.0, -6.075520290351633, -3.9354814835620218
6, 67.0, -3.5182414579585606, -2.6712106296403935
6, 68.0, -4.584505175518873, -2.9420914774621916
6, 69.0, -4.579483512534383, -2.5764862704953138
6, 70.0, -3.1931196630616734, -2.013216327622353
6, 71.0, 1.2587865084235808, -2.4931952336831253
6, 72.0, -3.9515674826135436, -2.6355448334908065
6, 73.0, -4.403215749118653, -2.1441544917981172
6, 74.0, -0.5917533785150957, -1.0854471776006689
6, 75.0, -1.0488811031633014, -1.361845448695945
6, 76.0, -2.569705637273869, -0.7736695671785193
6, 77.0, -0.12212651260587515, -0.7115135687276789
6, 78.0, -3.294231880279194, -0.871970023247222
6, 79.0, 0.26549452571924015, -0.5448941541612009
6, 80.0, 0.6721446759222501, -0.47315999776790163
6, 81.0, 1.364972081807136, -0.5523389684934636
6, 82.0, 0.1886721498420784, 0.17089644535806758
6, 83.0, 0.2077288996191904, -1.1232245942788999
6, 84.0, 2.6341266259972183, -0.5114848419366793
6, 85.0, -0.6860074833580818, 0.012284388698462156
6, 86.0, 0.6032210246150826, -0.44202052726034907
6, 87.0, -2.219404429557096, -0.661799543961062
6, 88.0, -1.50866122964072, -0.9912933847358332
6, 89.0, -2.5849808855273144, -1.138391412835256
6, 90.0, -3.2892963876910306, -1.7370252615376938
6, 91.0, -1.1535301977755978, -1.7889676324262542
6, 92.0, -4.072636225226574, -1.9466339280802063
6, 93.0, -2.5030188736499506, -1.9539600641094252
6, 94.0, -1.146712505623026, -1.5639495687232623
6, 95.0, -1.6777046803155007, -1.7059940974073335
6, 96.0, -0.5671308381659479, -2.071542922813575
6, 97.0, -0.8291151722983932, -0.7823501859180308
6, 98.0, -0.0669122401050824, 0.049909991645780694
6, 99.0, 2.8833279139087606, 1.2908663583796431
7, 0.0, 2.897442743437119, 3.43975306751288
7, 1.0, -0.7131639757006996, 4.926217675311599
7, 2.0, 4.61281366711268, 5.808449421205626
7, 3.0, 5.4177893103379935, 5.890774748254925
7, 4.0, 5.649113822646197, 6.834801751493054
7, 5.0, 6.791538045573831, 7.682616984655012
7, 6.0, 9.496805456774949, 8.289268092075831
7, 7.0, 10.733860761284296, 7.950428703353498
7, 8.0, 7.34182494562334, 8.36555181181784
7, 9.0, 5.235494259634272, 8.152283202906547
7, 10.0, 10.574733316506956, 9.7423736690188
7, 11.0, 8.969091175263998, 10.293500288656539
7, 12.0, 10.887009062399988, 10.553771932163563
7, 13.0, 8.54213428677448, 9.677020238871437
7, 14.0, 8.730679184083797, 8.264276657137607
7, 15.0, 9.113311479907015, 8.245947546909461
7, 16.0, 7.254484282739683, 8.403358385636166
7, 17.0, 8.238912482963135, 8.453610230825085
7, 18.0, 9.861195876897616, 9.24941106936425
7, 19.0, 10.445109168135435, 10.92709648233162
7, 20.0, 12.27736770719095, 11.258440715880525
7, 21.0, 12.301593672951034, 12.175892592372003
7, 22.0, 10.162568197026104, 12.528058359916121
7, 23.0, 15.002699594946233, 13.54548737778992
7, 24.0, 14.9181602304675, 14.898618321621491
7, 25.0, 14.2874470145401, 13.97628175154229
7, 26.0, 9.79608337954643, 13.647972927559568
7, 27.0, 15.357807101331154, 13.644437649542798
7, 28.0, 12.378176343476024, 13.430927897785129
7, 29.0, 13.058573685720546, 14.245102703026358
7, 30.0, 13.041923675877234, 14.502125488661177
7, 31.0, 14.36598463343511, 14.193849141654125
7, 32.0, 16.80818796741051, 13.564768531262724
7, 33.0, 15.683369340779368, 13.957097737807697
7, 34.0, 12.482856366034191, 12.905364407454563
7, 35.0, 16.51307010319318, 13.620835557561618
7, 36.0, 10.108723515946323, 12.113297203233591
7, 37.0, 12.59317985848563, 12.27109126708651
7, 38.0, 12.634520072676393, 13.16111222304818
7, 39.0, 13.115970147272552, 14.269851503083956
7, 40.0, 12.180690427165484, 13.14629947844873
7, 41.0, 13.839742847023341, 13.020835920025522
7, 42.0, 11.286665841609679, 12.441604957173174
7, 43.0, 8.982431902729504, 11.85564741152705
7, 44.0, 15.362351789568143, 11.938218112988382
7, 45.0, 11.329176229425938, 11.582660751916425
7, 46.0, 8.57528112734347, 10.134881655888915
7, 47.0, 12.294428760278926, 10.465100218627084
7, 48.0, 10.727487065195184, 10.014458711672336
7, 49.0, 13.93155990987878, 10.11067811885024
7, 50.0, 9.627125681150059, 10.281631023807853
7, 51.0, 7.6963136331523, 10.396171727096043
7, 52.0, 10.37303421341147, 10.71127809049433
7, 53.0, 13.619442257692665, 10.842967506178326
7, 54.0, 10.905818571390798, 10.7731810200959
7, 55.0, 8.389096761261477, 9.665235041395142
7, 56.0, 8.736812808113623, 9.322260492548326
7, 57.0, 9.210505918571974, 9.494060046510834
7, 58.0, 6.5081806405646265, 8.525996562617731
7, 59.0, 9.962428926678585, 9.208501225906291
7, 60.0, 10.801140820618176, 8.956885575461591
7, 61.0, 6.760081761083475, 8.408015037866937
7, 62.0, 7.9307335862685155, 9.265446026307503
7, 63.0, 8.067166476821106, 9.65380090048478
7, 64.0, 11.211099158083721, 9.95952424121661
7, 65.0, 7.806665898942586, 9.40131941038727
7, 66.0, 11.103738052400262, 9.350009956069059
7, 67.0, 11.521261127961447, 10.206685887593556
7, 68.0, 9.50762842297953, 10.730072973562791
7, 69.0, 11.973444744434635, 10.282631863979493
7, 70.0, 10.54487406588296, 10.182680977188504
7, 71.0, 7.325875154933046, 10.140273551023988
7, 72.0, 9.983913052451564, 10.545679349898585
7, 73.0, 12.09865466996782, 11.440482458887397
7, 74.0, 9.391021680583702, 11.061531051013068
7, 75.0, 5.807769726247894, 10.452274061396814
7, 76.0, 11.314431921958308, 10.732733014290122
7, 77.0, 12.11576342115841, 11.295407215293901
7, 78.0, 13.445598342404464, 13.337230852621094
7, 79.0, 13.089996822404933, 13.025233131009943
7, 80.0, 15.308412434946426, 12.87877489457719
7, 81.0, 16.29729169337854, 13.40274836524893
7, 82.0, 16.36709570780927, 14.077008091902021
7, 83.0, 16.24462557568479, 14.171407398739197
7, 84.0, 16.355259101172035, 14.524728410588242
7, 85.0, 14.023944416020575, 14.785153695129244
7, 86.0, 15.204044109755435, 14.689665556811272
7, 87.0, 11.094229620628921, 13.093334120759264
7, 88.0, 14.763345194579035, 14.036479700497965
7, 89.0, 14.238391871223568, 14.718907253848519
7, 90.0, 16.30823539399272, 15.331167608242911
7, 91.0, 13.735451535874972, 14.457430988841015
7, 92.0, 15.46793841525389, 15.16371248017967
7, 93.0, 15.300718755047233, 15.518015236617977
7, 94.0, 15.279847621805136, 15.355000523368643
7, 95.0, 14.57209200516508, 14.792870445562396
7, 96.0, 11.046740932498697, 14.488851005038288
7, 97.0, 14.545181701303434, 14.473098985225343
7, 98.0, 14.15103434387316, 14.593508193222046
7, 99.0, 10.937622188114878, 13.151369894031433
8, 0.0, 4.1606743264540595, 3.981119011225798
8, 1.0, 5.946663919228906, 5.156835939114183
8, 2.0, 2.3871695706595193, 3.721993534042795
8, 3.0, 1.713620369558605, 2.8982743985342685
8, 4.0, 5.080177902252945, 2.938346363408057
8, 5.0, 4.477903684365248, 2.2418597499294353
8, 6.0, 4.910127724077018, 2.1490651809704437
8, 7.0, -0.0102011024484443, 2.567050057386278
8, 8.0, 5.422754993718656, 1.8793714380992381
8, 9.0, 2.279784995034272, 1.2695047028178164
8, 10.0, -0.16306978728184718, 1.5590800514691963
8, 11.0, 3.2324550366140556, 2.498665249396897
8, 12.0, -1.3772343467569992, 2.31950762566525
8, 13.0, 4.146314913667649, 2.5306254372843724
8, 14.0, 0.5794766710415169, 1.7430337395293596
8, 15.0, 4.9696036353321915, 1.6787624386622664
8, 16.0, -0.21873316616740546, 1.6942875136712883
8, 17.0, 1.4786382766009454, 2.2857345299847998
8, 18.0, -0.1723855707353843, 1.3867718516659078
8, 19.0, 2.483183080701053, 2.1889427893855866
8, 20.0, 3.0895507758023184, 2.849240190860484
8, 21.0, 1.114838880236895, 2.076340127785613
8, 22.0, -0.7737270035383406, 1.7578238444294632
8, 23.0, 4.698575404378467, 2.2730377257272933
8, 24.0, 0.4723066986598947, 2.030363918743944
8, 25.0, 2.627692716196343, 2.165507436650896
8, 26.0, 1.1702390622352634, 1.340131979958978
8, 27.0, 4.325049800229511, 1.493816911276261
8, 28.0, 1.2273732352071756, 1.8330342613484376
8, 29.0, -0.20896225463100038, 1.3221416966234143
8, 30.0, -2.40610573697613, 0.8137307097235269
8, 31.0, 1.7296855961788928, 1.1873605092738362
8, 32.0, 2.8945766108566335, 0.0497982599279021
8, 33.0, -0.11540359418993051, -0.2904687745827963
8, 34.0, 1.0094725072781252, -0.6068222602387756
8, 35.0, 1.8236838551731192, -0.7001904357415782
8, 36.0, 2.5228059866459165, -0.7021014093772172
8, 37.0, 0.23101592880538857, -0.508545840817118
8, 38.0, -0.3735666878206658, -1.1006624359241415
8, 39.0, -1.823692686552128, -1.7118477119476099
8, 40.0, -4.100305957825616, -3.1334868945700274
8, 41.0, -5.88413512335284, -2.808667565527174
8, 42.0, -1.2609776688889123, -2.703158916764271
8, 43.0, -3.4905213042286336, -3.738247096818517
8, 44.0, -5.4687662155350125, -3.30796233476577
8, 45.0, -4.040841125059634, -2.7039248938124185
8, 46.0, -2.5740831023001856, -2.363933800203057
8, 47.0, -4.715688827211394, -2.757511331592807
8, 48.0, -5.102115862282583, -3.4797395849995683
8, 49.0, -2.564313535308733, -3.4706377037244387
8, 50.0, -0.6880849998191632, -2.469185506616176
8, 51.0, -0.6491398281583722, -2.2641042896280417
8, 52.0, 0.6920537552796304, -2.2477168413101944
8, 53.0, -1.712141302119506, -2.6256093153383206
8, 54.0, -3.818197855342136, -2.8942385191700275
8, 55.0, -1.925166035522859, -1.5148296575449085
8, 56.0, -1.566067667725939, -1.5761526291478305
8, 57.0, -0.6992368326151646, -1.527207948607961
8, 58.0, 0.22382614179628635, -1.443962129465267
8, 59.0, -0.8720137325274205, -0.7928100512908554
8, 60.0, -1.0038153098448075, -0.23424295182402488
8, 61.0, -1.041670788152021, -0.3811894601356229
8, 62.0, -3.5252779783380754, -1.4796996307517667
8, 63.0, -3.795216193308641, -1.874745158743906
8, 64.0, -2.377873422950963, -1.2388653272327845
8, 65.0, -4.23965833134473, -0.922833047886801
8, 66.0, -2.219791614418731, -1.5054763871718768
8, 67.0, -1.8084809651570666, -2.153585037183255
8, 68.0, -0.27988116643099525, -2.6851916070145854
8, 69.0, -3.9696551165996334, -2.850181291260405
8, 70.0, -4.315445227677369, -3.353940992830748
8, 71.0, -1.3444828171893455, -3.3412889565965536
8, 72.0, -4.393858156863322, -4.171603537234369
8, 73.0, -5.862814636354976, -4.135270010094629
8, 74.0, -2.4806072279318423, -3.5580842129711545
8, 75.0, -4.565191274904947, -3.2975737634398414
8, 76.0, -3.4103088076069943, -4.946401644295474
8, 77.0, -3.6377241148337207, -5.52892062908222
8, 78.0, -2.3038377105543684, -5.427133370998751
8, 79.0, -5.964868349440413, -6.133660178630171
8, 80.0, -3.7769912814474127, -5.4369400662094725
8, 81.0, -3.3674370814706633, -5.665843089991221
8, 82.0, -5.884153354817506, -5.464013748811288
8, 83.0, 0.1682238547086259, -4.628032785590757
8, 84.0, -4.726672137050969, -4.292473562364063
8, 85.0, -1.48128851390989, -4.667992647830903
8, 86.0, -1.7005089341986275, -4.557647477880556
8, 87.0, -7.435877288510263, -3.521316310599958
8, 88.0, -1.7676393493145546, -2.3704096124510947
8, 89.0, -3.328454031390603, -2.303744252615961
8, 90.0, -1.9169171532226978, -1.6329884081419257
8, 91.0, -5.760799501207026, -1.5922729115601406
8, 92.0, -1.252603113590272, -2.435042307827389
8, 93.0, -1.2999092552547358, -1.8657242219605408
8, 94.0, 1.0566947200093653, -2.3471514918981367
8, 95.0, -4.450129857560633, -2.929163250305308
8, 96.0, 0.747885211406855, -1.9623648703363774
8, 97.0, -0.6732070276765862, -0.9856746081327502
8, 98.0, -1.677385078723669, -1.461998338294233
8, 99.0, -2.590556278406203, -2.144158810968115
9, 0.0, 1.2635849345412773, 2.5820111115296966
9, 1.0, 2.1414194032875793, 3.718523110531062
9, 2.0, 4.518015542347431, 4.217065338624838
9, 3.0, 4.110123688241425, 4.15506786779392
9, 4.0, 6.054636020121727, 3.9920426111854637
9, 5.0, 3.378540102460467, 3.839790529609757
9, 6.0, 2.5824735546222763, 2.897747894447579
9, 7.0, 2.24397555295482, 3.052685882003351
9, 8.0, 1.8758202864897942, 3.031339783360816
9, 9.0, 4.474534746767803, 3.278609110634984
9, 10.0, 3.75007642994491, 3.3532445907789166
9, 11.0, 1.9984191714041664, 2.7760418148908723
9, 12.0, 2.2375263050828806, 2.4771697780016297
9, 13.0, 5.081847517698801, 3.966763750934706
9, 14.0, 6.328025489878424, 5.235644733491941
9, 15.0, 7.397931698117645, 5.700266561594313
9, 16.0, 10.39738989361345, 6.130997612075391
9, 17.0, 4.921292680432985, 5.745493729395396
9, 18.0, 4.038584709472158, 6.832753255460083
9, 19.0, 7.763641019215702, 7.412146341195055
9, 20.0, 6.534182255761424, 7.326288330342509
9, 21.0, 10.054267460266074, 8.400334983464228
9, 22.0, 10.102543686702639, 8.726474049597757
9, 23.0, 9.69331914004304, 9.529240349605459
9, 24.0, 9.63116724612783, 10.305454391835084
9, 25.0, 10.631914284333575, 9.481882857200494
9, 26.0, 8.555809652481134, 8.326971944450278
9, 27.0, 8.43432531189886, 8.198361275321691
9, 28.0, 8.417171452713395, 7.864873139160777
9, 29.0, 7.881218608754557, 7.88715593189178
9, 30.0, 6.8870323251217105, 7.59705017559276
9, 31.0, 7.705023149085529, 7.346429748877874
9, 32.0, 6.80661679887508, 7.081286496847108
9, 33.0, 7.96522787424843, 5.851439511486153
9, 34.0, 6.299995306295861, 6.562296907378098
9, 35.0, 6.450253478621231, 6.548580227376621
9, 36.0, 5.671081760316678, 5.884335856377959
9, 37.0, 7.670246507267576, 6.175504316726946
9, 38.0, 3.112879626939405, 5.143193872188501
9, 39.0, 7.40037891643358, 3.985811181814226
9, 40.0, 7.694433857324711, 3.574579451976274
9, 41.0, 6.366726223610085, 4.18680937931883
9, 42.0, 8.4844890458603, 3.888115224333011
9, 43.0, 0.8194931545162216, 2.220842802879355
9, 44.0, 4.953341139512583, 3.2436383839835106
9, 45.0, 1.7580024131280394, 2.2331167993672816
9, 46.0, 2.7422677127818567, 3.4572673238311404
9, 47.0, 3.2656256998494255, 3.1851326046025648
9, 48.0, 5.613568402247635, 4.251455638816044
9, 49.0, 4.654332326469076, 5.231969307465472
9, 50.0, 8.48271737667024, 5.320202499206268
9, 51.0, 7.589562276406978, 6.234378448837983
9, 52.0, 5.319474816547245, 5.780819490936311
9, 53.0, 5.549614687739859, 5.711819648487464
9, 54.0, 7.231149315071221, 6.301821234925198
9, 55.0, 8.431838263796978, 7.180888592331478
9, 56.0, 4.936866475443399, 6.296559507642981
9, 57.0, 6.1952094822971375, 5.742053969459957
9, 58.0, 3.986728128223781, 5.50490615337961
9, 59.0, 5.622349421176314, 5.06717811764732
9, 60.0, 9.814037743688036, 6.220207546086539
9, 61.0, 5.232428944587471, 5.631447077804768
9, 62.0, 5.121118367423172, 5.771712891713366
9, 63.0, 6.240091942531935, 6.971130412212192
9, 64.0, 9.559599472934835, 7.455348394708129
9, 65.0, 8.534368745455764, 8.59949059727742
9, 66.0, 9.09780132490619, 8.980699015544255
9, 67.0, 8.658439836140518, 8.260115498773134
9, 68.0, 4.034426229260252, 7.322522468429901
9, 69.0, 6.8294842103127245, 6.551424169546413
9, 70.0, 6.398242997383692, 6.992454135882933
9, 71.0, 6.546206183360061, 7.206331013183381
9, 72.0, 6.058910224837493, 6.920611758527757
9, 73.0, 6.064373621164136, 7.260614513545551
9, 74.0, 9.799218638455182, 6.566961413532552
9, 75.0, 10.426164417321791, 7.031388209713934
9, 76.0, 5.639378326450605, 7.114101722420559
9, 77.0, 8.591344843571385, 6.713740087607781
9, 78.0, 8.060004513052863, 5.407614507789452
9, 79.0, 0.2503355075261844, 4.522931026945473
9, 80.0, 0.2672182688314768, 3.8454030934293053
9, 81.0, 3.4896954868772205, 3.694451125363766
9, 82.0, 4.896492740526132, 3.406775403743602
9, 83.0, -0.5644643500710793, 2.99351864545878
9, 84.0, 2.7187981286055423, 3.7588060070481486
9, 85.0, 2.2333596233216104, 3.426286579550085
9, 86.0, -0.6825744956177395, 3.2411595195412013
9, 87.0, 4.1627783309906405, 2.216729546120634
9, 88.0, 3.4701576084318475, 3.0308040320454035
9, 89.0, 0.6078654294066013, 2.6444187565822905
9, 90.0, 1.7537671714908272, 3.253077230413281
9, 91.0, 1.5744289843128505, 3.6228865781558555
9, 92.0, 5.649793204097763, 4.3360031233565755
9, 93.0, 4.891521780998409, 4.826877754707374
9, 94.0, 8.641801581609649, 5.870022020747651
9, 95.0, 6.5055434955603735, 6.425129364582672
9, 96.0, 7.10240645341332, 7.244404821877695
9, 97.0, 8.560773061296647, 8.617601224199726
9, 98.0, 8.25891230939368, 7.714978653305436
9, 99.0, 9.358680132863954, 7.331586134731763
10, 0.0, -1.7932822502204462, -1.0129714718137879
10, 1.0, -0.6009452906100687, -2.2086760960386314
10, 2.0, -1.4209847782227436, -2.4094248403337657
10, 3.0, -8.081706008325446, -3.0627507613199
10, 4.0, -1.342126559668653, -2.9316117965065214
10, 5.0, -0.06370382471966618, -2.8157124414771872
10, 6.0, 0.12731642000492416, -3.1891143494381065
10, 7.0, 0.20709027451512085, -4.119921648994456
10, 8.0, -5.499924795152719, -2.5161480759221595
10, 9.0, -0.8086600339895091, -3.156655068555648
10, 10.0, -6.524868319815239, -4.337768149764776
10, 11.0, -4.780135956015136, -5.383895973283223
10, 12.0, -7.05684965386827, -5.2807952445098225
10, 13.0, -6.287676448344765, -5.203668730733506
10, 14.0, -3.153004415299976, -4.150545809642639
10, 15.0, -7.825413530220478, -5.144277531576597
10, 16.0, -4.437748342550674, -4.780411477032447
10, 17.0, -4.553540475537149, -4.260378983862409
10, 18.0, -4.588989298917467, -4.706116442340813
10, 19.0, -3.2081039422471607, -4.543591677191206
10, 20.0, -4.134954323335433, -2.986566376360299
10, 21.0, -3.260680857623665, -2.7366825167155944
10, 22.0, -3.7534890050140954, -3.560766948276354
10, 23.0, -0.6727897381060219, -2.8900271453185225
10, 24.0, -2.9169293665853, -2.3524374610493375
10, 25.0, 1.619205133215324, -1.689817240958471
10, 26.0, -3.337941776158374, -2.3333919769891653
10, 27.0, -4.457648909605713, -2.980442302232642
10, 28.0, -3.815015876036123, -2.8334206804948083
10, 29.0, -2.5274214798192443, -2.160595332605219
10, 30.0, -3.3834957031674735, -0.8385428356264195
10, 31.0, -0.22947384802102377, -0.6255403294923461
10, 32.0, -0.6582104984499608, 0.4248552393983873
10, 33.0, -3.1555904843143785, 0.4419792320620255
10, 34.0, -1.1095631813183204, -0.5258407053637162
10, 35.0, 0.012183555502505494, 0.8649236538436491
10, 36.0, 4.233786485995011, 0.8080408443447585
10, 37.0, 0.24427605235947275, 0.25533015979597373
10, 38.0, 2.7618434956040465, 0.6698430263153738
10, 39.0, 1.161541516389605, 1.16526842690776
10, 40.0, 0.599169444552196, 1.200913322166459
10, 41.0, 5.76530549206318, 1.0179307701643456
10, 42.0, -0.4092480008847448, 1.354890497377205
10, 43.0, 1.8768898274829917, 1.0652482349274908
10, 44.0, 0.9817036829200312, 1.609840576963784
10, 45.0, -0.1688738023441041, 1.286681328670428
10, 46.0, 1.7147431957936496, 2.443331131806489
10, 47.0, 0.9971096211113255, 2.397241106968319
10, 48.0, 2.1913328554518428, 1.8507305610264337
10, 49.0, 5.686694741409191, 1.7090170642143652
10, 50.0, 2.067286867284337, 1.8269011258746464
10, 51.0, -0.23353053967989346, 1.1274371092571822
10, 52.0, -0.023095604201755937, 0.6185188244412058
10, 53.0, -1.1199264738576196, 1.1950504071198729
10, 54.0, 2.414260613110004, 1.7585910979299415
10, 55.0, -0.43814418733252913, 1.6790389648891624
10, 56.0, 2.0819601745914755, 1.8359496076300064
10, 57.0, 3.407589440227695, 2.211247099595459
10, 58.0, 1.873163602843646, 1.6496963872264583
10, 59.0, 3.021586492333988, 1.3618835924281538
10, 60.0, 2.1162357368657636, 0.7966446646026284
10, 61.0, -0.2886904080426914, 0.6762689398824975
10, 62.0, -1.197322377574761, -0.2718917726532173
10, 63.0, -0.7362509745050108, -0.47721133646014424
10, 64.0, -0.12162579892429037, -0.7927185744273519
10, 65.0, -2.4852409575821928, -0.7801264408687282
10, 66.0, -0.5637628362370359, 0.104470054832144
10, 67.0, -0.9565749794541427, 0.6090922263930301
10, 68.0, 3.3208317195643398, 0.4548460957034911
10, 69.0, 0.654421775516573, 0.48035643078907775
10, 70.0, -0.3717058711167299, 0.012042284491213862
10, 71.0, -1.9560249512602135, -2.5357297788645807
10, 72.0, -2.9931618918213405, -2.742191657234119
10, 73.0, -0.9544038243998325, -2.264469123540825
10, 74.0, -0.27735127903445633, -2.3601251483494563
10, 75.0, -1.8734253757139312, -2.768157511448639
10, 76.0, -3.5779590773758514, -3.61722753948116
10, 77.0, -4.427081559257674, -3.16635168534862
10, 78.0, -2.866580792568909, -3.047448147420988
10, 79.0, -4.133970899899414, -2.9604404253351886
10, 80.0, -0.7677820925767207, -2.5380543770839132
10, 81.0, -2.07993679441417, -2.500579137564656
10, 82.0, -4.232278007182948, -3.306333791725781
10, 83.0, -6.652102731072221, -3.8160721861826885
10, 84.0, -5.0086235746644485, -3.325153764210064
10, 85.0, -3.2434327276848385, -4.127515449010291
10, 86.0, -1.7617875775750453, -2.2851059551836057
10, 87.0, -2.5978837294923514, -1.941544137727493
10, 88.0, -2.445721857042289, -1.9897424007910711
10, 89.0, -3.3784539552813415, -2.2970216788696782
10, 90.0, -1.197034820418724, -1.993053476069194
10, 91.0, -3.2643031456397362, -2.432102561301376
10, 92.0, -2.275398163094147, -1.558823832710842
10, 93.0, -0.30243664346491483, -1.0713922851502535
10, 94.0, 0.3260906979124292, -0.7498987038273992
10, 95.0, 1.3400940043732261, -0.5577141407909865
10, 96.0, 0.9958376052500773, 0.7217362793034294
10, 97.0, 2.1351513559452973, 1.9046019358923734
10, 98.0, 1.9514741951738586, 2.3923349583770337
10, 99.0, -2.624347238791759, 2.6028883658713813
11, 0.0, 0.026550070361643363, 0.6709815622860797
11, 1.0, -0.17656212841209995, 0.4843376670134044
11, 2.0, -1.6082421835272207, -0.1845116883816671
11, 3.0, -1.3007546858721422, -0.6768536578748712
11, 4.0, 0.9679746269499794, -0.9378281667493165
11, 5.0, -1.4995247473427187, -0.6892576420109193
11, 6.0, -2.922196101956147, -0.29605984321523027
11, 7.0, 0.22346221169090963, -0.7748134139151861
11, 8.0, 1.623857673728247, 0.31205846821769034
11, 9.0, -0.012840671870208598, -0.2617787869219287
11, 10.0, -3.227114758436975, -0.05404505437127702
11, 11.0, -0.8662556117594764, -0.05676391860475766
11, 12.0, -0.35845746251931676, -0.17881465983851086
11, 13.0, -0.05021897930458097, -0.38678780836292703
11, 14.0, -0.4829749192464169, 0.3443664398359223
11, 15.0, 1.3139543527647741, 0.957991075746032
11, 16.0, -2.1318861983832944, -0.08159291969238136
11, 17.0, -2.218807510598111, 0.3827494173017724
11, 18.0, -1.5189597807978406, 0.5342572473875118
11, 19.0, 1.2926473495794486, 0.493391235553266
11, 20.0, -1.5670413316768925, 0.18048745223442347
11, 21.0, 1.0833759215455703, 0.9428689767497935
11, 22.0, 0.0030367320986701696, 1.8190373618725062
11, 23.0, 5.580809332397775, 2.263809771526317
11, 24.0, -0.04727002777048517, 1.6255460934859898
11, 25.0, 2.1119693490607085, 0.8973492031155812
11, 26.0, 3.465545228967591, 1.308030238388856
11, 27.0, 1.4935803871930902, 0.14276231602620304
11, 28.0, -0.3634218592978459, 0.7015640691066071
11, 29.0, 0.8486002972382682, 0.41965232031483335
11, 30.0, 1.284209099655416, 0.6846864020777815
11, 31.0, 1.9481721211809937, 0.742941115021614
11, 32.0, 1.1152379650385962, -0.1574766580601673
11, 33.0, 2.8387648457441452, -0.4957490287688684
11, 34.0, 3.9648334854409093, 0.05952284145019693
11, 35.0, -2.525392421076969, -0.5451875967304702
11, 36.0, -2.039277085656674, -1.0024185375175323
11, 37.0, 0.9070882631765125, -2.237042310208134
11, 38.0, -2.9120883046190933, -2.2340310033229147
11, 39.0, -0.5348492358536485, -2.1961409676791988
11, 40.0, -3.002899886398457, -2.535006552120458
11, 41.0, -2.309846269828463, -2.5204515338890405
11, 42.0, -4.133774025308927, -3.144238476633473
11, 43.0, -3.2110853940065542, -2.927229480165615
11, 44.0, -5.172308538006445, -1.9774625483486286
11, 45.0, -3.0546614974810318, -1.6129436038249092
11, 46.0, -1.8655452821563858, -2.327609391533936
11, 47.0, -2.500109395150125, -1.5589570926906247
11, 48.0, -1.7319593547340206, -0.7891813892336859
11, 49.0, -0.30183198252834176, -1.2761133030973097
11, 50.0, -0.5012959353231925, -1.0353083831275127
11, 51.0, -2.2877158458440956, -2.1457286485234484
11, 52.0, -0.9244757975849065, -2.2333107394348146
11, 53.0, -1.901603905299072, -3.375096773529777
11, 54.0, -4.357664356475545, -3.3769247695709184
11, 55.0, -2.3619696074355936, -4.208925473128516
11, 56.0, -6.014335461566883, -4.3953582581722985
11, 57.0, -4.939300924233163, -4.277000407316486
11, 58.0, -6.586300694443972, -5.234277415833942
11, 59.0, -7.840526164273968, -6.777670966179932
11, 60.0, -5.523995681074149, -7.034706944987704
11, 61.0, -4.124563575023997, -6.105509879984929
11, 62.0, -7.713552788943224, -5.647807905762845
11, 63.0, -5.59617055780733, -6.421390614818346
11, 64.0, -5.798282202219907, -5.070072320458388
11, 65.0, -8.366821341678211, -5.3972244525882775
11, 66.0, -9.843597235301718, -5.851095890378073
11, 67.0, -5.828356186815618, -4.315700495175568
11, 68.0, -5.51071835473034, -2.9759270542888765
11, 69.0, -0.38805066359653906, -2.314860268489567
11, 70.0, -1.3048849760588217, -2.9171795502420306
11, 71.0, -3.2227935282240026, -3.1571625222589392
11, 72.0, -3.3959228485078534, -3.3012777430548637
11, 73.0, -4.746770029028043, -4.228679611407494
11, 74.0, -3.1266391853027953, -4.05950290502753
11, 75.0, -4.819072161443667, -4.011451112485623
11, 76.0, -2.5162639611055613, -4.977639162753425
11, 77.0, -2.9082781455591027, -4.066915436482745
11, 78.0, -4.16012368675592, -3.3748654059767205
11, 79.0, -1.4734832791323171, -2.084162356556283
11, 80.0, -6.002433487235661, -3.172062723410202
11, 81.0, -5.7740862201167555, -3.121530649488789
11, 82.0, -1.9258230247032557, -3.415684882277142
11, 83.0, -5.315838040931532, -4.161393968891931
11, 84.0, -6.738462851035585, -2.7808666820902115
11, 85.0, -2.1491038357164856, -2.1465152380639303
11, 86.0, -0.14050059352023325, -2.187942934222315
11, 87.0, -2.440167547583055, -1.64603857094386
11, 88.0, -2.9956903814245854, -2.120204518630361
11, 89.0, -2.6665007895468946, -1.4770275371113502
11, 90.0, -3.1367700160555745, -1.7072447738166447
11, 91.0, -4.84723654233118, -2.2154231897061294
11, 92.0, -2.560052482692512, -0.8138033680610004
11, 93.0, -2.0651092721832875, -0.8893215187727701
11, 94.0, -1.443796018642194, -0.8660779589450643
11, 95.0, -2.9305523812079413, -1.9930581751451077
11, 96.0, -1.6068038483914941, -1.885981123297909
11, 97.0, -4.856977141976972, -1.6141353971204369
11, 98.0, 0.542712646821284, -2.162613829105741
11, 99.0, -1.2716228578196997, -1.7518813687646162
12, 0.0, 1.0393341973312853, -1.8953151275432054
12, 1.0, 0.26480431511045044, -2.7039900207296146
12, 2.0, -6.632830136724652, -4.147017607191813
12, 3.0, -4.1235542821269275, -5.318562251749172
12, 4.0, -7.446428057020414, -5.335987511314922
12, 5.0, -5.009044034997316, -4.389659329439173
12, 6.0, -3.9316727813494805, -4.79757450279892
12, 7.0, -2.0879008839371456, -4.226371998473815
12, 8.0, -5.810371589784882, -4.739966056063807
12, 9.0, -5.238300803054372, -3.6065376713154063
12, 10.0, -2.87532269374895, -4.459921156071095
12, 11.0, -6.506568389925868, -4.532438295414699
12, 12.0, -1.66546019781758, -4.990903595896861
12, 13.0, -4.523411715232798, -5.5128415478081125
12, 14.0, -5.495412568267242, -5.57061342232885
12, 15.0, -3.0014684033306835, -4.177201414223884
12, 16.0, -5.918622012953771, -3.7679746984584943
12, 17.0, -2.7808753012870255, -4.714854620840191
12, 18.0, -3.6865189172703174, -4.672735715243166
12, 19.0, -3.116887826876879, -4.3718172598047556
12, 20.0, -6.094951694251483, -4.34192150045794
12, 21.0, -1.694852094992826, -4.30892726442958
12, 22.0, -7.231796976361814, -5.7762119220564365
12, 23.0, -7.323920766085302, -6.30049036211007
12, 24.0, -4.990782142822747, -7.47931872216849
12, 25.0, -7.615378163262248, -8.243714980086338
12, 26.0, -9.163872899247096, -7.644975433226918
12, 27.0, -5.8707021928802785, -8.03838216157988
12, 28.0, -9.462259182474087, -7.2538870814304115
12, 29.0, -10.82957790873945, -7.4204004871831755
12, 30.0, -7.401229375787509, -7.687050042307999
12, 31.0, -12.39616878782439, -8.33789572169654
12, 32.0, -10.327466162124102, -8.490806790363449
12, 33.0, -6.372711219755459, -8.888446471634383
12, 34.0, -11.13994661228254, -9.538174068010724
12, 35.0, -8.785703522823946, -9.876835230108433
12, 36.0, -11.168837307949483, -9.99022741190102
12, 37.0, -9.621513040553255, -10.725159780098865
12, 38.0, -9.632302434855708, -10.858664838931366
12, 39.0, -12.199580348546686, -10.925468727035163
12, 40.0, -12.235721403557298, -11.026307849450996
12, 41.0, -10.222296406905901, -12.24849950175275
12, 42.0, -14.15032393272294, -11.765907252306079
12, 43.0, -11.06436347429156, -10.861050275567223
12, 44.0, -12.522335311506147, -11.359324679532994
12, 45.0, -12.377371586641019, -12.61981503697829
12, 46.0, -12.086690218265584, -12.395389313662964
12, 47.0, -11.503965271180483, -11.922864709278663
12, 48.0, -12.394051835905799, -11.57514374945356
12, 49.0, -13.38034553567464, -12.92656144307581
12, 50.0, -10.8276540778682, -12.910361423061687
12, 51.0, -14.537062109352016, -12.943302878999118
12, 52.0, -12.190722130682758, -13.160161846469757
12, 53.0, -18.286522062523826, -14.91540785784868
12, 54.0, -17.624419481374982, -14.80342697103164
12, 55.0, -14.801844390763216, -14.84604501427318
12, 56.0, -11.304979656918954, -14.347156825735764
12, 57.0, -15.286869956853089, -15.053331677611864
12, 58.0, -17.527735991345995, -16.356579780304923
12, 59.0, -16.142384072063084, -16.453948742494823
12, 60.0, -15.698957198907511, -16.55102320502261
12, 61.0, -19.21723936016554, -17.50272052532563
12, 62.0, -22.481189114430855, -19.02401751032525
12, 63.0, -21.404501047116753, -20.156558755377834
12, 64.0, -18.96865637820983, -20.130460951396056
12, 65.0, -21.050793200657616, -20.609808515364595
12, 66.0, -19.135010415906876, -20.6290374306731
12, 67.0, -22.383003452860606, -20.717854012046566
12, 68.0, -21.22796582064439, -20.46872418786144
12, 69.0, -19.603696548339844, -20.425087025594586
12, 70.0, -18.86018900343951, -19.711148709230812
12, 71.0, -21.91748958352613, -20.144291230300713
12, 72.0, -20.95684060152072, -20.249827753217836
12, 73.0, -18.467665251966455, -19.985676157932087
12, 74.0, -22.16069576661444, -19.610179123745088
12, 75.0, -17.95489660793971, -19.07342861686726
12, 76.0, -16.53811223887781, -19.34455532990849
12, 77.0, -15.51703224946601, -18.69833403505322
12, 78.0, -19.682541327828897, -17.151849061408186
12, 79.0, -14.851449021910947, -17.07042177374729
12, 80.0, -19.1002129308334, -15.460626510977827
12, 81.0, -16.261389897071695, -15.622747002135341
12, 82.0, -13.841046563244053, -15.64613953974382
12, 83.0, -17.071275987357005, -15.319159378667056
12, 84.0, -14.899693266827033, -15.244048587623336
12, 85.0, -16.162496646450403, -15.539694243969857
12, 86.0, -16.612886377128866, -15.13968119295408
12, 87.0, -12.537103444819456, -14.516360427547085
12, 88.0, -13.910026176549795, -14.223599964861753
12, 89.0, -12.598172708881377, -13.94116938832771
12, 90.0, -15.129591276358195, -14.442874871051487
12, 91.0, -12.945451869065119, -14.609675190486833
12, 92.0, -15.647142535559556, -16.201319679307545
12, 93.0, -15.215716619125168, -15.676640976981375
12, 94.0, -17.506988355232416, -16.631685827674257
12, 95.0, -20.312401145095173, -18.02545319197898
12, 96.0, -20.056519087139822, -19.18902147469591
12, 97.0, -20.968461696815616, -17.62413544386442
12, 98.0, -18.213312304739297, -16.780500850054867
12, 99.0, -13.21488891503837, -16.578408242538604
13, 0.0, -8.561696615307842, -4.541372787397379
13, 1.0, -4.347453642386784, -4.651057543785105
13, 2.0, -4.034869408933544, -3.840071035341949
13, 3.0, -3.2135479291411455, -2.988386228579195
13, 4.0, -2.155094825540203, -2.9081939375183428
13, 5.0, -2.949284153208452, -2.653037931044596
13, 6.0, -2.527380610443627, -3.4073472537041827
13, 7.0, -1.7484824617228454, -5.05488913839697
13, 8.0, -6.751312650813491, -6.68496774521196
13, 9.0, -6.099143455201771, -6.714964411142702
13, 10.0, -6.429275031811524, -5.904538519886109
13, 11.0, -4.44562724887175, -5.402014968997931
13, 12.0, -4.479229376269696, -5.3819827133517215
13, 13.0, -6.515351326300274, -6.113771044343851
13, 14.0, -3.124440292285003, -5.1284836642979865
13, 15.0, -7.554110423921095, -4.692903856180925
13, 16.0, -3.1717499339772024, -3.4917237655942146
13, 17.0, -5.073063007294236, -3.7923163587426356
13, 18.0, -4.7408383168172055, -3.9783833548066525
13, 19.0, -4.803234818449129, -4.16666052714322
13, 20.0, -3.708721490096636, -3.7630137605785245
13, 21.0, -2.890622816312674, -4.843235919766604
13, 22.0, -5.128379865510415, -5.673024776226875
13, 23.0, -4.9225832979655575, -5.623246390572166
13, 24.0, -6.954885488997301, -5.19656898552807
13, 25.0, -3.09484564244366, -5.294290677989336
13, 26.0, -8.243891735907336, -5.786956901205593
13, 27.0, -4.814068030624729, -7.0592771103119185
13, 28.0, -6.958757117892179, -7.776667735689484
13, 29.0, -7.15761925526147, -7.10830394860172
13, 30.0, -5.720646577249554, -6.006733049275951
13, 31.0, -6.808935304110679, -5.860422387244498
13, 32.0, -5.731539516038835, -5.960338281206538
13, 33.0, -6.054284403853516, -6.165181653471229
13, 34.0, -7.112598613155187, -6.665185785918218
13, 35.0, -5.620939490737191, -7.031661936610357
13, 36.0, -6.277623422159966, -5.509725442636496
13, 37.0, -3.302298088526939, -5.163133849194823
13, 38.0, -4.042295942909846, -4.869782364626237
13, 39.0, -5.948493363244128, -5.684383241333039
13, 40.0, -2.2354329044546457, -3.4518619731334583
13, 41.0, -2.4201545648090486, -3.5151832285708013
13, 42.0, -5.102206010671408, -3.4780652662727936
13, 43.0, -2.7871370117757586, -4.128347416805215
13, 44.0, -5.498014837772798, -4.977732850784641
13, 45.0, -4.823235324798143, -4.196597798103118
13, 46.0, -7.501038116739279, -4.83731037021302
13, 47.0, -4.28903366335368, -5.839492166654302
13, 48.0, -5.041319654923126, -5.176176957133919
13, 49.0, -3.1794158235420125, -5.0153055020981165
13, 50.0, -1.368111089191895, -4.215560358145338
13, 51.0, -1.159671691960631, -3.9641950221755806
13, 52.0, -2.952773683208728, -3.974462382724379
13, 53.0, 0.35070134903137706, -3.1307102679007053
13, 54.0, -0.1312774549247111, -2.426635890151544
13, 55.0, -1.4413151198693799, -2.188974328698615
13, 56.0, -0.41665248339853367, -3.0402125782239633
13, 57.0, -5.333484396995948, -1.510768007914702
13, 58.0, -0.7994598975691616, -0.5604964031404397
13, 59.0, 3.2460447753898665, 0.7413199238029479
13, 60.0, 3.2476192760327693, 0.17176533668850902
13, 61.0, -0.12836483396530457, 0.3749702459802868
13, 62.0, 3.19532499042684, 1.5433703986367882
13, 63.0, 2.537539689427712, 2.8947605844526083
13, 64.0, 2.766420045419733, 3.0963149740076163
13, 65.0, 0.651178586024024, 2.3180510327560233
13, 66.0, 2.04576737361705, 2.3676016275020224
13, 67.0, 1.6256995000990906, 4.455284059579812
13, 68.0, 5.441003380449877, 6.326451998675752
13, 69.0, 6.120868121459921, 7.838767760972022
13, 70.0, 6.639511479990165, 8.101443025845267
13, 71.0, 7.148406572392231, 8.589657410268236
13, 72.0, 9.057190682841131, 8.804400733543932
13, 73.0, 9.58699013947937, 8.995665266516172
13, 74.0, 8.65074938401361, 8.197938703500352
13, 75.0, 9.946300167625601, 7.5462858362990985
13, 76.0, 7.526039398359596, 7.641425887870341
13, 77.0, 7.766357121372089, 7.799979085461925
13, 78.0, 8.215630527258696, 8.243142921332216
13, 79.0, 8.604790934482292, 7.686393954951245
13, 80.0, 7.014122073644058, 7.4168761548665705
13, 81.0, 7.268046416602459, 6.336983867068708
13, 82.0, 5.7391126850878535, 5.3631707196868526
13, 83.0, 3.1866299005272376, 4.6846897347700365
13, 84.0, 7.341123975741813, 6.149471346629755
13, 85.0, 5.984392493938333, 5.934756200503698
13, 86.0, 5.479371117311937, 4.235036258501962
13, 87.0, 4.249820059518348, 5.261473104736737
13, 88.0, 7.588725275411439, 4.838900530430789
13, 89.0, 8.547823489377874, 5.2633002141000125
13, 90.0, 4.9140497302473705, 4.4223269691169
13, 91.0, 5.223692138851343, 5.262395452925313
13, 92.0, 6.760508099568757, 6.005038726818761
13, 93.0, 6.914677811937386, 6.8932745409074405
13, 94.0, 8.389376942113866, 6.434407762210618
13, 95.0, 5.933813117827442, 7.5111633746381825
13, 96.0, 8.726503235612913, 7.965643071643785
13, 97.0, 5.646227248030649, 7.102469494673094
13, 98.0, 4.119995744528884, 4.85505611119733
13, 99.0, 6.213000420517812, 4.9552967545983275
14, 0.0, -3.286203766697805, -3.7797950267290212
14, 1.0, -2.823668578843292, -3.843863340241217
14, 2.0, -3.6803505081788925, -3.626166132316037
14, 3.0, -4.508960141011892, -3.367655740856144
14, 4.0, 1.7753755765770092, -2.0301349417379217
14, 5.0, -0.2317788835362523, -1.138929691730758
14, 6.0, -1.7908042884047064, -0.8134676635393125
14, 7.0, -3.3181616116534984, -1.0575067767079265
14, 8.0, 0.7567247841690784, -0.9265335721441582
14, 9.0, -1.6980724609847253, -1.8577600525521332
14, 10.0, -1.2262627389052905, -1.0540848177580289
14, 11.0, -2.002967264437075, -1.842130547745493
14, 12.0, -3.62084448417765, -2.8858017917305645
14, 13.0, -2.818744615048136, -2.711186950334215
14, 14.0, -4.1926874808711965, -2.381156125348043
14, 15.0, -4.287749998153424, -2.3380521742289604
14, 16.0, -4.9277668018656655, -1.3607355253975384
14, 17.0, -2.5902775320059064, -1.0841450995423445
14, 18.0, -0.5953475479421182, -1.0873554708820903
14, 19.0, 0.6735482651669902, -0.9088457339618599
14, 20.0, 2.433880164840624, -0.32698444648147795
14, 21.0, 0.2449424024076033, 0.5646823075872789
14, 22.0, 3.3520101270093186, 0.44370867329623903
14, 23.0, -1.2703516090803668, 0.8312051736431889
14, 24.0, -1.6057968204314346, 0.9510514217187594
14, 25.0, -0.04468915776081517, 0.8700445333703154
14, 26.0, -1.6896833918444745, 0.6483188878086803
14, 27.0, -1.0531953068327125, 0.4252223951369558
14, 28.0, 1.0827209985148478, -0.08972101693913681
14, 29.0, -2.0897979665862074, -0.5758657342262923
14, 30.0, 0.8118438040834208, -0.28940655024881634
14, 31.0, 2.5592112888121052, -0.5669442949499457
14, 32.0, -2.5066980441688185, -1.1871405775151347
14, 33.0, -2.048824450359586, -1.9233062666291316
14, 34.0, -0.13698272017212498, -1.966272228243285
14, 35.0, -1.781788532167063, -1.2813007049416183
14, 36.0, -3.5683443503320413, -2.044409627636847
14, 37.0, -0.40007049929243266, -1.5848271433393362
14, 38.0, 0.011235728483278251, -2.5828272746952443
14, 39.0, -2.591623637457455, -0.486513558380544
14, 40.0, 1.4486193844055872, -0.5964020894202048
14, 41.0, 2.7115796753702903, 0.8263927660704157
14, 42.0, -1.8171709734205324, 0.45734019490482797
14, 43.0, 0.3798299638700674, 0.9477002287341592
14, 44.0, 1.6815748221434474, 2.217618211718996
14, 45.0, 1.1876392239407514, 0.8659773003333562
14, 46.0, 3.306636495179844, 1.382561505294737
14, 47.0, -2.4052802581418486, 1.5303959520906878
14, 48.0, 0.48712512253119516, 0.3098603178050021
14, 49.0, 0.4170590869763555, 0.6112867736688605
14, 50.0, 0.41692681499737394, -0.08401753811600943
14, 51.0, 1.6519849780705438, 0.2392555671841955
14, 52.0, 3.4978510362079804, 1.340945057649876
14, 53.0, 5.946357916872211, 2.472993941114069
14, 54.0, -0.20732556899339216, 1.5949085792468463
14, 55.0, 1.7453695694004843, 2.276980416233997
14, 56.0, 4.822687425110902, 3.456720167660186
14, 57.0, 4.567011856050221, 4.212799967164472
14, 58.0, 3.0566702367459206, 4.136670744861787
14, 59.0, 2.6932438350846652, 3.2248616478758643
14, 60.0, 0.5700678174622453, 3.2314988063444434
14, 61.0, 1.5032045431062855, 1.8773529569131193
14, 62.0, 4.153569780714445, 3.4325901681805044
14, 63.0, 0.6562327401935164, 3.0527875257147667
14, 64.0, 5.542663509044563, 3.291244095209147
14, 65.0, 5.278819120879359, 4.15713810833706
14, 66.0, 6.738443877357281, 5.581075994393404
14, 67.0, 3.8299954243612344, 6.154891898195753
14, 68.0, 4.968978876860184, 4.661447581620562
14, 69.0, 4.943855962293453, 4.659666896713619
14, 70.0, 4.701823056589295, 5.2795098918864936
14, 71.0, 5.860532857950233, 5.762161700385546
14, 72.0, 7.242290136541245, 6.869522722776733
14, 73.0, 7.191912153894675, 6.728181939748118
14, 74.0, 6.600275038983969, 5.038507803787466
14, 75.0, 4.669076909020436, 5.503449286362103
14, 76.0, 4.3923887322818, 4.854412569074967
14, 77.0, 4.956076106949426, 5.1906708474496135
14, 78.0, 6.6325009744544765, 6.518462170177582
14, 79.0, 9.320715276307968, 6.747357618923774
14, 80.0, 6.396010207588201, 7.312309666988884
14, 81.0, 8.29906287834736, 8.39463431623475
14, 82.0, 10.908618122984251, 8.44381087526694
14, 83.0, 3.382620953180142, 7.551653096418372
14, 84.0, 6.060694701293242, 5.837584214360284
14, 85.0, 7.88992268085212, 6.8515654670099995
14, 86.0, 5.732325669949104, 6.025301085116191
14, 87.0, 5.665909853495545, 6.737119832726998
14, 88.0, 7.027500702220824, 7.464781336398401
14, 89.0, 8.68247935435362, 7.624463455272966
14, 90.0, 8.371561397238143, 7.299763922243124
14, 91.0, 7.700568253619188, 8.193828202060116
14, 92.0, 8.264530601252854, 8.584760661933911
14, 93.0, 8.98884130082662, 9.417879977906496
14, 94.0, 10.531485232847, 9.013659197402909
14, 95.0, 8.153830706209689, 9.081532339761115
14, 96.0, 9.442991712218333, 9.820514031640498
14, 97.0, 10.819345979768979, 11.607036225949011
14, 98.0, 10.84934605649188, 11.118756920074492
14, 99.0, 16.433639030220412, 11.87393270380956
15, 0.0, 6.7580352296173425, 5.138342207927204
15, 1.0, 5.838805632594617, 5.463116941800925
15, 2.0, 3.5753101167174783, 4.7188995774672176
15, 3.0, 6.5839346780266075, 6.12853807815649
15, 4.0, 4.391220637223306, 4.794646165527261
15, 5.0, 3.0845350396922027, 5.418929002549814
15, 6.0, 7.8750666137715175, 5.168558752946615
15, 7.0, 6.848773951660469, 6.415152615887229
15, 8.0, 7.8651590282554125, 5.908029622124342
15, 9.0, 5.169324606376611, 5.86781771440496
15, 10.0, 7.143781651789405, 6.324477452939054
15, 11.0, 3.977377908075492, 5.818387677347523
15, 12.0, 4.8786749436110375, 4.452833339073555
15, 13.0, 4.296808863462708, 4.062255847492882
15, 14.0, 4.865046474090915, 4.846252851560239
15, 15.0, 4.046213411029747, 5.903220023923245
15, 16.0, 9.151730654365924, 5.74534239203997
15, 17.0, 5.388402633232041, 4.666615703681533
15, 18.0, 3.112720328796244, 4.081245960186233
15, 19.0, 6.211846028235824, 4.434643009353727
15, 20.0, 6.152893149023147, 4.457431151103186
15, 21.0, 6.917064919944744, 5.414341870865595
15, 22.0, 8.424936227233664, 6.873303544650719
15, 23.0, 7.161951044641842, 6.815259744633202
15, 24.0, 8.177368565643425, 6.391195260660732
15, 25.0, 5.4836637825632435, 5.2572301490900095
15, 26.0, 5.482660044181218, 5.047636589035936
15, 27.0, 3.4395922369825818, 6.12596225999212
15, 28.0, 6.228129350467842, 6.992565224767185
15, 29.0, 10.765528047236373, 7.493397403602849
15, 30.0, 6.975134910424329, 7.260489545722723
15, 31.0, 6.249156772537747, 6.852440179290613
15, 32.0, 8.112858883747569, 8.67507044570327
15, 33.0, 6.539294497212921, 8.167967933323666
15, 34.0, 10.660479141409802, 8.538932329916623
15, 35.0, 10.526281785404311, 7.203149716736511
15, 36.0, 6.365532951305637, 6.854230523192924
15, 37.0, 7.82690465465732, 7.240938143023389
15, 38.0, 9.457965377552107, 6.785078462456928
15, 39.0, 7.1214135513935926, 6.285250129294856
15, 40.0, 6.0696563761860585, 5.871883395666249
15, 41.0, 11.135723700848772, 5.362214860101472
15, 42.0, 5.508669251322196, 5.635474521738096
15, 43.0, 6.8586780524450415, 5.385785981475684
15, 44.0, 6.897628116294908, 6.480119379798245
15, 45.0, 6.67123891372984, 6.674234007761188
15, 46.0, 5.68473094607272, 5.910595018733084
15, 47.0, 5.846261472343776, 5.752708401318511
15, 48.0, 6.547382935172056, 6.87157923968852
15, 49.0, 8.100600223645674, 6.603798413977943
15, 50.0, 7.648976184386294, 6.923800153503277
15, 51.0, 8.314618815636258, 7.985151406465084
15, 52.0, 10.080671249618494, 7.9614772735884145
15, 53.0, 4.964485183908813, 6.931981745028673
15, 54.0, 6.590169001850527, 6.336022015689706
15, 55.0, 7.371331525511581, 5.796274695770849
15, 56.0, 6.15203423039494, 6.091828696327146
15, 57.0, 7.104183852107905, 7.405522161381931
15, 58.0, 6.211098989120474, 7.905673570437914
15, 59.0, 8.590159527180269, 7.2880468517417505
15, 60.0, 5.569549265049832, 7.562888407374901
15, 61.0, 7.431117628725055, 7.3888756830617845
15, 62.0, 7.141254963110417, 6.7882489378104856
15, 63.0, 4.225834522497468, 6.769117296163801
15, 64.0, 6.3421491506105525, 6.895630901942415
15, 65.0, 3.3988279661359546, 5.690905545996481
15, 66.0, 3.3494208484661576, 5.255300752944613
15, 67.0, 6.315353932821401, 5.621592994480553
15, 68.0, 8.003228502648787, 7.117808334138363
15, 69.0, 6.969386348182814, 6.85230569084519
15, 70.0, 6.631290588257183, 5.873019182237052
15, 71.0, 5.759639985202718, 6.6319005826814275
15, 72.0, 4.9702359338399384, 6.387988627650302
15, 73.0, 3.676770424861076, 5.935118249554551
15, 74.0, 3.7462526548752546, 5.3099798928454
15, 75.0, 8.737354188723646, 4.875453987092446
15, 76.0, 5.489293435681866, 5.878821672798042
15, 77.0, 6.649357543888567, 6.281885555874505
15, 78.0, 7.724591348660994, 5.312233696525579
15, 79.0, 5.791963777594267, 5.114892512796481
15, 80.0, 2.093773507527011, 4.670102533062254
15, 81.0, 1.0682841878107423, 3.7231781679290608
15, 82.0, 7.571914715415757, 4.341908073254033
15, 83.0, 5.43577459952132, 4.900986878108008
15, 84.0, 7.25190417764815, 4.780422142126225
15, 85.0, 5.087859827477295, 6.030610591024283
15, 86.0, 7.48846319742259, 6.326391755473412
15, 87.0, 3.024577309516452, 6.45062554045677
15, 88.0, 5.429695041852897, 6.839174568492652
15, 89.0, 5.413777865055246, 7.387498273231473
15, 90.0, 6.074322401489905, 7.290935477911963
15, 91.0, 9.701895465779698, 8.603789246438055
15, 92.0, 8.878033709703473, 10.223114994535853
15, 93.0, 8.116866349576817, 10.76403043353741
15, 94.0, 11.663659802487638, 10.20604724832942
15, 95.0, 10.314763665974864, 9.380857276438485
15, 96.0, 8.975985061340518, 9.181105305453126
15, 97.0, 4.435425857304965, 7.750031541787376
15, 98.0, 3.620542348314807, 7.426738575158933
15, 99.0, 9.735733575394304, 7.155700392750234
16, 0.0, -0.4127128673681939, -1.6399141038801033
16, 1.0, -2.0995459737731776, -1.615961232993133
16, 2.0, -3.4805287727680936, -1.1446505434700724
16, 3.0, 0.6482443040679143, -0.427739503018426
16, 4.0, -1.0163985021405608, 0.08585734694371572
16, 5.0, 0.713930123265751, 0.28452062317250915
16, 6.0, -0.6949164938586526, 0.2631248850937653
16, 7.0, -0.6277873442728918, -0.8330567169457621
16, 8.0, -0.8188077590732489, -0.3880070535893112
16, 9.0, 1.4187082059915035, 0.040494815723565336
16, 10.0, 2.382551997216471, -0.132036611053272
16, 11.0, 0.7083561700307975, 0.5844506910636347
16, 12.0, 1.9190613007156891, 0.8734641915745205
16, 13.0, 5.8295853417105725, 0.48103234942395556
16, 14.0, -0.8644238630519993, -0.05308790851253564
16, 15.0, -3.7582239575327607, -0.5692636566348281
16, 16.0, -2.0152425006601504, 0.3972962984085432
16, 17.0, -0.6316368277249417, 0.30972803346285527
16, 18.0, 3.2368390465595462, 1.8222296871437553
16, 19.0, 4.50424899350023, 1.8138053957300386
16, 20.0, -0.16153894426689952, 1.3047138030454462
16, 21.0, -0.6904846999946872, 1.10710103829732
16, 22.0, 0.8424443784495693, -0.1187992817301522
16, 23.0, 0.5928557039468778, 1.1200189381318726
16, 24.0, 0.7907498023552004, 0.5029276914726968
16, 25.0, -0.31332167637075886, 0.06512859241875352
16, 26.0, 0.5258830188911089, 0.18116012538076642
16, 27.0, -0.38771562204459087, 0.26440187187080755
16, 28.0, -1.8623203577160288, 0.2716643482270581
16, 29.0, -3.772488916415245, -1.7539424005645552
16, 30.0, 1.0276003689183804, -1.0755200452572895
16, 31.0, -1.8581271080189778, -0.8623221047474012
16, 32.0, -0.7053725283596164, -0.8821364238215337
16, 33.0, -2.790713149731965, -0.4835806109903195
16, 34.0, -0.8556539209372978, -0.5464472353781458
16, 35.0, -0.27828698360244075, -1.2728221312847947
16, 36.0, -1.373939912036691, -1.929579420611455
16, 37.0, -1.047261976771233, -0.6688441162940006
16, 38.0, 2.2271717432275615, -1.8814275710028283
16, 39.0, -0.25217257392756, -1.6397768302397608
16, 40.0, -1.159275530843425, -0.548959296613386
16, 41.0, -2.70549447525306, -0.6400074566907781
16, 42.0, -1.6659744082760795, -0.923031327871932
16, 43.0, -0.8673923301711495, -1.7528635114176445
16, 44.0, -1.6614103503560143, -1.045578056619298
16, 45.0, 0.39678573815852447, -0.37032004984957123
16, 46.0, 1.8197793109230076, -0.3046441215517899
16, 47.0, -1.0901495034683109, -0.6153879105144109
16, 48.0, 0.6656256234972323, 0.11392808413977062
16, 49.0, 0.22779417175933303, -0.4901632911723417
16, 50.0, 0.20642008962111857, -0.21933864591156088
16, 51.0, -0.6617975723958796, -0.8990836825001058
16, 52.0, 0.9575475381935206, -0.9987676133198873
16, 53.0, -1.6214650946891547, -1.0220217786290005
16, 54.0, -2.3324651842371846, -0.922746515882894
16, 55.0, -1.0818417385024237, -0.7463853921085022
16, 56.0, -0.07601120618039642, -0.5076490707587151
16, 57.0, -2.2039703646957394, -0.38269786152944996
16, 58.0, 1.6767504203116999, -0.46880094485480495
16, 59.0, -2.0818006230601105, -0.8909043188869037
16, 60.0, 1.5628024734181372, -0.8744601960652093
16, 61.0, -4.0269149583441255, -0.5623239456340873
16, 62.0, -0.4916191207960672, -0.231596301303495
16, 63.0, -1.8991103576204194, 0.19614046218520947
16, 64.0, -3.6025066967211483, -0.789456893492485
16, 65.0, -0.5696490989344569, -0.7102942012495003
16, 66.0, -0.6857833772971533, -1.3098686266471569
16, 67.0, -0.49489974596455955, -0.9898876753202878
16, 68.0, -3.179898561695172, -1.7292347578202094
16, 69.0, -1.5564482103144779, -1.3674598327090393
16, 70.0, 1.7281439950013349, -1.397814238735104
16, 71.0, -4.422635082140099, -1.9222322102303513
16, 72.0, -3.437357885639433, -1.6979367888574068
16, 73.0, -0.35642852322535523, -2.5866411981171273
16, 74.0, -3.772341024414762, -2.889148996774887
16, 75.0, -2.6358405224560224, -3.0657767509323497
16, 76.0, -0.043151011853055365, -2.5037258382157175
16, 77.0, -5.663368893948117, -2.828112333323808
16, 78.0, -2.4617216503639154, -3.819819708592377
16, 79.0, -7.84036519063772, -4.889123555925116
16, 80.0, -6.973697085739273, -4.44819921471156
16, 81.0, -3.483437909119539, -4.4153501226908185
16, 82.0, -3.2609444336811935, -4.031141652361109
16, 83.0, -1.863853116534785, -3.395843794788485
16, 84.0, -3.2939452776153777, -3.143327906294462
16, 85.0, -5.647768231707942, -3.7054139846107574
16, 86.0, -6.894624820812343, -4.503011126182006
16, 87.0, -7.682247138567565, -4.450960089503759
16, 88.0, -2.825847599838581, -3.662175997152378
16, 89.0, -5.19391111447894, -4.841479762924808
16, 90.0, -5.0412659207019335, -4.896645603020772
16, 91.0, -4.435874420208879, -4.775889877418827
16, 92.0, -4.250607008053412, -5.141784712683359
16, 93.0, -5.418461912877291, -4.729149600941921
16, 94.0, -4.0254648419573575, -4.13791538996755
16, 95.0, -5.546768434895933, -4.423554925739863
16, 96.0, -7.168502331454555, -5.945376791663277
16, 97.0, -6.976532106371937, -5.153412616911471
16, 98.0, -6.633166528531965, -5.644064853484847
16, 99.0, -6.001910731465363, -5.281662327080029